ZipCode,Price,Beds,Baths,LivingSpace,Address,City,State,ZipCodePopulation,ZipCodeDensity,County,MedianHouseholdIncome,Latitude,Longitude
80202,724900,1,2,1156,2001 LINCOLN ST UNIT 2623,Denver,Colorado,16952,5660.6,Denver,153773,39.75156,-104.99768
80202,989000,2,2,1600,1801 WYNKOOP ST APT 304,Denver,Colorado,16952,5660.6,Denver,153773,39.75156,-104.99768
80202,499900,1,1,862,1401 WEWATTA ST UNIT 812,Denver,Colorado,16952,5660.6,Denver,153773,39.75156,-104.99768
80202,2200000,3,4,3592,1020 15TH ST APT 42D,Denver,Colorado,16952,5660.6,Denver,153773,39.75156,-104.99768
80202,480000,1,1,670,1700 BASSETT ST UNIT 1407,Denver,Colorado,16952,5660.6,Denver,153773,39.75156,-104.99768
80202,849000,2,2,1447,2960 INCA ST UNIT 511,Denver,Colorado,16952,5660.6,Denver,153773,39.75156,-104.99768
80202,857956,2,2,1221,1700 BASSETT ST UNIT 912,Denver,Colorado,16952,5660.6,Denver,153773,39.75156,-104.99768
80202,599999,1,1,831,891 14TH ST UNIT 3807,Denver,Colorado,16952,5660.6,Denver,153773,39.75156,-104.99768
80202,319000,1,1,816,1020 15TH ST APT 18A,Denver,Colorado,16952,5660.6,Denver,153773,39.75156,-104.99768
80202,497000,1,1,906,1800 LAWRENCE ST APT 103,Denver,Colorado,16952,5660.6,Denver,153773,39.75156,-104.99768
80202,1050000,3,2,2402,2955 INCA ST UNIT 1H,Denver,Colorado,16952,5660.6,Denver,153773,39.75156,-104.99768
80202,335000,2,1,675,1750 WEWATTA ST UNIT 528,Denver,Colorado,16952,5660.6,Denver,153773,39.75156,-104.99768
80202,345000,1,1,797,1020 15TH ST APT 10A,Denver,Colorado,16952,5660.6,Denver,153773,39.75156,-104.99768
80202,599000,1,2,1320,1499 BLAKE ST APT 4G,Denver,Colorado,16952,5660.6,Denver,153773,39.75156,-104.99768
80202,1825000,2,3,1466,1901 WAZEE ST APT 504,Denver,Colorado,16952,5660.6,Denver,153773,39.75156,-104.99768
80202,350000,1,1,690,444 17TH ST APT 607,Denver,Colorado,16952,5660.6,Denver,153773,39.75156,-104.99768
80202,375000,2,2,986,1020 15TH ST APT 27E,Denver,Colorado,16952,5660.6,Denver,153773,39.75156,-104.99768
80202,675000,2,2,1142,2001 LINCOLN ST UNIT 1413,Denver,Colorado,16952,5660.6,Denver,153773,39.75156,-104.99768
80202,465000,2,1,1080,1777 LARIMER ST APT 801,Denver,Colorado,16952,5660.6,Denver,153773,39.75156,-104.99768
80202,439000,1,1,758,891 14TH ST UNIT 1905,Denver,Colorado,16952,5660.6,Denver,153773,39.75156,-104.99768
80202,817000,2,2,1594,1551 LARIMER ST APT 2402,Denver,Colorado,16952,5660.6,Denver,153773,39.75156,-104.99768
80202,975000,2,2,1742,1435 WAZEE ST APT 501,Denver,Colorado,16952,5660.6,Denver,153773,39.75156,-104.99768
80203,485000,2,2,1116,800 N WASHINGTON ST APT 1109,Denver,Colorado,20972,7410,Denver,89245,39.73142,-104.98274
80203,235000,1,1,464,336 N GRANT ST APT 210,Denver,Colorado,20972,7410,Denver,89245,39.73142,-104.98274
80203,609900,2,2,1341,975 N LINCOLN ST # 5F-N,Denver,Colorado,20972,7410,Denver,89245,39.73142,-104.98274
80203,395000,1,1,874,550 E 12TH AVE APT 1502,Denver,Colorado,20972,7410,Denver,89245,39.73142,-104.98274
80203,679000,2,1,1147,130 N PENNSYLVANIA ST,Denver,Colorado,20972,7410,Denver,89245,39.73142,-104.98274
80203,1175000,2,3,2037,400 E 3RD AVE APT 1003,Denver,Colorado,20972,7410,Denver,89245,39.73142,-104.98274
80203,405000,2,2,1054,801 N PENNSYLVANIA ST APT 501,Denver,Colorado,20972,7410,Denver,89245,39.73142,-104.98274
80203,315000,1,1,600,1975 N GRANT ST UNIT 221,Denver,Colorado,20972,7410,Denver,89245,39.73142,-104.98274
80203,345000,2,1,786,200 N PEARL ST APT 407,Denver,Colorado,20972,7410,Denver,89245,39.73142,-104.98274
80203,295000,1,1,689,625 N PENNSYLVANIA ST APT 610,Denver,Colorado,20972,7410,Denver,89245,39.73142,-104.98274
80203,860000,3,3,2170,975 N LINCOLN ST # 5C-N,Denver,Colorado,20972,7410,Denver,89245,39.73142,-104.98274
80203,340000,1,1,797,550 E 12TH AVE APT 1105,Denver,Colorado,20972,7410,Denver,89245,39.73142,-104.98274
80203,649900,1,2,1326,715 E 5TH AVE,Denver,Colorado,20972,7410,Denver,89245,39.73142,-104.98274
80203,395000,2,2,1059,700 N WASHINGTON ST APT 302,Denver,Colorado,20972,7410,Denver,89245,39.73142,-104.98274
80203,310000,1,1,794,523 E 12TH AVE APT 3,Denver,Colorado,20972,7410,Denver,89245,39.73142,-104.98274
80203,330000,2,1,713,250 N PEARL ST APT 310,Denver,Colorado,20972,7410,Denver,89245,39.73142,-104.98274
80203,975000,3,3,1975,400 E 3RD AVE APT 1002,Denver,Colorado,20972,7410,Denver,89245,39.73142,-104.98274
80203,275000,1,1,561,271 N GRANT ST APT 102,Denver,Colorado,20972,7410,Denver,89245,39.73142,-104.98274
80203,355000,1,1,937,800 N PEARL ST APT 303,Denver,Colorado,20972,7410,Denver,89245,39.73142,-104.98274
80203,1349900,5,3,2842,1742 N PEARL ST,Denver,Colorado,20972,7410,Denver,89245,39.73142,-104.98274
80203,565000,3,2,1416,615 E 7TH AVENUE PKWY APT 214,Denver,Colorado,20972,7410,Denver,89245,39.73142,-104.98274
80204,779000,3,4,1967,1335 ELATI ST UNIT 5,Denver,Colorado,33853,2384.7,Denver,116029,39.73476,-105.0207
80204,690000,2,2,1229,751 ELATI ST,Denver,Colorado,33853,2384.7,Denver,116029,39.73476,-105.0207
80204,1100000,3,4,2001,1652 UTICA ST,Denver,Colorado,33853,2384.7,Denver,116029,39.73476,-105.0207
80204,609000,4,4,1473,815 LOWELL BLVD,Denver,Colorado,33853,2384.7,Denver,116029,39.73476,-105.0207
80204,555000,2,2,1041,475 W 12TH AVE UNIT D,Denver,Colorado,33853,2384.7,Denver,116029,39.73476,-105.0207
80204,539900,2,2,1197,833 ELATI ST,Denver,Colorado,33853,2384.7,Denver,116029,39.73476,-105.0207
80204,599999,3,2,1425,1341 NEWTON ST,Denver,Colorado,33853,2384.7,Denver,116029,39.73476,-105.0207
80204,499000,2,2,1386,1340 MARIPOSA ST UNIT 100,Denver,Colorado,33853,2384.7,Denver,116029,39.73476,-105.0207
80204,370000,1,1,522,709 RALEIGH ST,Denver,Colorado,33853,2384.7,Denver,116029,39.73476,-105.0207
80204,550000,3,2,1158,4890 W 11TH AVE,Denver,Colorado,33853,2384.7,Denver,116029,39.73476,-105.0207
80204,395000,2,1,796,405 WOLFF ST,Denver,Colorado,33853,2384.7,Denver,116029,39.73476,-105.0207
80204,425000,1,1,813,1111 OSAGE ST UNIT 8,Denver,Colorado,33853,2384.7,Denver,116029,39.73476,-105.0207
80204,734900,4,3,1817,4605 W 10TH AVE,Denver,Colorado,33853,2384.7,Denver,116029,39.73476,-105.0207
80204,799000,4,4,2100,1324 ZENOBIA ST,Denver,Colorado,33853,2384.7,Denver,116029,39.73476,-105.0207
80204,385000,2,2,919,1301 SPEER BLVD APT 302,Denver,Colorado,33853,2384.7,Denver,116029,39.73476,-105.0207
80204,725000,3,4,1775,1333 ELATI ST UNIT 6,Denver,Colorado,33853,2384.7,Denver,116029,39.73476,-105.0207
80204,675000,2,2,2213,1469 QUITMAN ST,Denver,Colorado,33853,2384.7,Denver,116029,39.73476,-105.0207
80204,275000,1,1,637,1301 SPEER BLVD APT 204,Denver,Colorado,33853,2384.7,Denver,116029,39.73476,-105.0207
80204,1100000,5,4,2868,1704 LOWELL BLVD,Denver,Colorado,33853,2384.7,Denver,116029,39.73476,-105.0207
80204,349900,1,1,562,1208 QUITMAN ST # 304,Denver,Colorado,33853,2384.7,Denver,116029,39.73476,-105.0207
80204,489000,1,2,1008,300 W 11TH AVE UNIT 17E,Denver,Colorado,33853,2384.7,Denver,116029,39.73476,-105.0207
80204,4.00E+05,2,1,572,617 OSCEOLA ST,Denver,Colorado,33853,2384.7,Denver,116029,39.73476,-105.0207
80204,374500,2,2,873,601 W 11TH AVE APT 1008,Denver,Colorado,33853,2384.7,Denver,116029,39.73476,-105.0207
80204,699000,2,2,1207,629 ELATI ST,Denver,Colorado,33853,2384.7,Denver,116029,39.73476,-105.0207
80204,749900,4,3,1944,878 FOX ST,Denver,Colorado,33853,2384.7,Denver,116029,39.73476,-105.0207
80204,6.00E+05,2,2,966,1300 RALEIGH ST,Denver,Colorado,33853,2384.7,Denver,116029,39.73476,-105.0207
80204,850000,3,4,1988,3530 W 17TH AVE,Denver,Colorado,33853,2384.7,Denver,116029,39.73476,-105.0207
80204,899000,5,2,1894,3121 W 17TH AVE,Denver,Colorado,33853,2384.7,Denver,116029,39.73476,-105.0207
80204,750000,2,3,1426,1559 PERRY ST,Denver,Colorado,33853,2384.7,Denver,116029,39.73476,-105.0207
80204,725000,2,2,1492,1050 CHEROKEE ST APT 301,Denver,Colorado,33853,2384.7,Denver,116029,39.73476,-105.0207
80204,715000,4,2,1469,1334 XAVIER ST,Denver,Colorado,33853,2384.7,Denver,116029,39.73476,-105.0207
80204,930000,4,5,2280,1250 OSCEOLA ST # 1,Denver,Colorado,33853,2384.7,Denver,116029,39.73476,-105.0207
80204,224900,1,1,638,4625 W 6TH AVE APT 7,Denver,Colorado,33853,2384.7,Denver,116029,39.73476,-105.0207
80204,1600000,6,8,3914,1453 IRVING ST APT 1455,Denver,Colorado,33853,2384.7,Denver,116029,39.73476,-105.0207
80204,659000,2,3,1339,410 ACOMA ST UNIT 203,Denver,Colorado,33853,2384.7,Denver,116029,39.73476,-105.0207
80204,559900,2,2,958,1208 QUITMAN ST # 301,Denver,Colorado,33853,2384.7,Denver,116029,39.73476,-105.0207
80204,1050000,6,3,2788,1670 ZENOBIA ST,Denver,Colorado,33853,2384.7,Denver,116029,39.73476,-105.0207
80204,799000,3,4,1988,3536 W 17TH AVE,Denver,Colorado,33853,2384.7,Denver,116029,39.73476,-105.0207
80204,775000,2,4,1554,3139 W 19TH AVE,Denver,Colorado,33853,2384.7,Denver,116029,39.73476,-105.0207
80204,1225000,3,4,2198,1570 QUITMAN ST,Denver,Colorado,33853,2384.7,Denver,116029,39.73476,-105.0207
80204,1350000,6,5,3304,1678 VRAIN ST,Denver,Colorado,33853,2384.7,Denver,116029,39.73476,-105.0207
80204,764900,4,3,1817,4607 W 10TH AVE,Denver,Colorado,33853,2384.7,Denver,116029,39.73476,-105.0207
80204,899000,5,2,1894,3121 W 17TH AVE,Denver,Colorado,33853,2384.7,Denver,116029,39.73476,-105.0207
80204,8.00E+05,3,2,1264,1641 UTICA ST,Denver,Colorado,33853,2384.7,Denver,116029,39.73476,-105.0207
80204,410000,2,2,919,1301 SPEER BLVD APT 902,Denver,Colorado,33853,2384.7,Denver,116029,39.73476,-105.0207
80204,785000,2,2,1843,1100 CHEROKEE ST UNIT 701,Denver,Colorado,33853,2384.7,Denver,116029,39.73476,-105.0207
80204,279000,1,1,637,1301 SPEER BLVD APT 408,Denver,Colorado,33853,2384.7,Denver,116029,39.73476,-105.0207
80204,379000,2,2,919,1301 SPEER BLVD APT 410,Denver,Colorado,33853,2384.7,Denver,116029,39.73476,-105.0207
80204,680000,2,2,1347,1143 AURARIA PKWY UNIT 104,Denver,Colorado,33853,2384.7,Denver,116029,39.73476,-105.0207
80204,1950000,2,3,2034,4200 W 17TH AVE UNIT 808,Denver,Colorado,33853,2384.7,Denver,116029,39.73476,-105.0207
80205,515000,1,1,1154,2261 BLAKE ST APT 5A,Denver,Colorado,33805,2809.7,Denver,113446,39.75891,-104.96353
80205,1150000,5,4,3141,2131 N YORK ST,Denver,Colorado,33805,2809.7,Denver,113446,39.75891,-104.96353
80205,989000,3,4,2592,2945 CURTIS ST,Denver,Colorado,33805,2809.7,Denver,113446,39.75891,-104.96353
80205,699000,3,1,1620,2521 CHAMPA ST,Denver,Colorado,33805,2809.7,Denver,113446,39.75891,-104.96353
80205,550000,2,2,844,3331 N HIGH ST,Denver,Colorado,33805,2809.7,Denver,113446,39.75891,-104.96353
80205,1175000,4,3,2325,2537 CURTIS ST,Denver,Colorado,33805,2809.7,Denver,113446,39.75891,-104.96353
80205,540000,2,2,722,3329 N HIGH ST,Denver,Colorado,33805,2809.7,Denver,113446,39.75891,-104.96353
80205,475000,1,2,1124,2020 ARAPAHOE ST UNIT 1040,Denver,Colorado,33805,2809.7,Denver,113446,39.75891,-104.96353
80205,1150000,5,4,3039,2131 N YORK ST,Denver,Colorado,33805,2809.7,Denver,113446,39.75891,-104.96353
80205,280000,2,2,994,3706 N GAYLORD ST,Denver,Colorado,33805,2809.7,Denver,113446,39.75891,-104.96353
80205,580000,3,2,1014,2845 N SAINT PAUL ST,Denver,Colorado,33805,2809.7,Denver,113446,39.75891,-104.96353
80205,699000,2,2,1123,100 PARK AVE W PH 2106,Denver,Colorado,33805,2809.7,Denver,113446,39.75891,-104.96353
80205,785000,4,3,2330,2401 BRUCE RANDOLPH AVE,Denver,Colorado,33805,2809.7,Denver,113446,39.75891,-104.96353
80205,890000,3,3,1680,2230 N CLARKSON ST,Denver,Colorado,33805,2809.7,Denver,113446,39.75891,-104.96353
80205,575000,2,1,931,2352 GLENARM PL,Denver,Colorado,33805,2809.7,Denver,113446,39.75891,-104.96353
80205,575000,4,2,1872,3355 N JACKSON ST,Denver,Colorado,33805,2809.7,Denver,113446,39.75891,-104.96353
80205,599000,2,2,1176,3195 BLAKE ST APT 207,Denver,Colorado,33805,2809.7,Denver,113446,39.75891,-104.96353
80205,6.00E+05,3,2,1216,3608 N GARFIELD ST,Denver,Colorado,33805,2809.7,Denver,113446,39.75891,-104.96353
80205,425000,1,1,883,2020 ARAPAHOE ST UNIT 820,Denver,Colorado,33805,2809.7,Denver,113446,39.75891,-104.96353
80205,475000,2,2,1100,2999 LAWRENCE ST UNIT 202,Denver,Colorado,33805,2809.7,Denver,113446,39.75891,-104.96353
80205,440000,1,2,1006,2020 ARAPAHOE ST UNIT 870,Denver,Colorado,33805,2809.7,Denver,113446,39.75891,-104.96353
80205,320000,3,2,1370,3776 N GAYLORD ST,Denver,Colorado,33805,2809.7,Denver,113446,39.75891,-104.96353
80205,559999,3,2,1280,2544 N HIGH ST,Denver,Colorado,33805,2809.7,Denver,113446,39.75891,-104.96353
80205,539000,2,1,977,1316 29TH ST UNIT 301,Denver,Colorado,33805,2809.7,Denver,113446,39.75891,-104.96353
80205,415000,2,1,720,3258 N ELIZABETH ST,Denver,Colorado,33805,2809.7,Denver,113446,39.75891,-104.96353
80205,379900,2,1,631,1824 E 38TH AVE,Denver,Colorado,33805,2809.7,Denver,113446,39.75891,-104.96353
80205,820000,4,2,1844,2850 N MILWAUKEE ST,Denver,Colorado,33805,2809.7,Denver,113446,39.75891,-104.96353
80205,314173,3,2,1120,1082 27TH ST,Denver,Colorado,33805,2809.7,Denver,113446,39.75891,-104.96353
80205,899000,3,4,2098,2130 N GILPIN ST,Denver,Colorado,33805,2809.7,Denver,113446,39.75891,-104.96353
80205,645000,3,2,1582,2930 CALIFORNIA ST,Denver,Colorado,33805,2809.7,Denver,113446,39.75891,-104.96353
80205,369000,1,1,528,3627 N HIGH ST,Denver,Colorado,33805,2809.7,Denver,113446,39.75891,-104.96353
80205,525000,4,2,1747,3346 N MILWAUKEE ST,Denver,Colorado,33805,2809.7,Denver,113446,39.75891,-104.96353
80205,725000,4,2,837,3338 N STEELE ST,Denver,Colorado,33805,2809.7,Denver,113446,39.75891,-104.96353
80205,525000,2,2,1013,2020 ARAPAHOE ST UNIT 1250,Denver,Colorado,33805,2809.7,Denver,113446,39.75891,-104.96353
80205,6.00E+05,3,3,1500,3752 N HIGH ST,Denver,Colorado,33805,2809.7,Denver,113446,39.75891,-104.96353
80206,2200000,5,4,3209,642 GAYLORD ST,Denver,Colorado,25046,3903.2,Denver,151873,39.73041,-104.95258
80206,390000,1,1,855,1575 FILLMORE ST APT 8,Denver,Colorado,25046,3903.2,Denver,151873,39.73041,-104.95258
80206,525000,3,2,1528,1241 MONROE ST,Denver,Colorado,25046,3903.2,Denver,151873,39.73041,-104.95258
80206,2350000,4,4,3168,519 ADAMS ST,Denver,Colorado,25046,3903.2,Denver,151873,39.73041,-104.95258
80206,695000,2,1,1494,3805 E 12TH AVE,Denver,Colorado,25046,3903.2,Denver,151873,39.73041,-104.95258
80206,1950000,2,3,1496,155 STEELE ST APT 814,Denver,Colorado,25046,3903.2,Denver,151873,39.73041,-104.95258
80206,689000,3,3,1862,526 HARRISON ST,Denver,Colorado,25046,3903.2,Denver,151873,39.73041,-104.95258
80206,1575000,3,3,2658,1111 RACE ST # S,Denver,Colorado,25046,3903.2,Denver,151873,39.73041,-104.95258
80206,965000,3,2,2186,1254 SAINT PAUL ST,Denver,Colorado,25046,3903.2,Denver,151873,39.73041,-104.95258
80206,815000,3,2,2081,260 COLORADO BLVD,Denver,Colorado,25046,3903.2,Denver,151873,39.73041,-104.95258
80206,1725000,3,4,4036,117 JACKSON ST,Denver,Colorado,25046,3903.2,Denver,151873,39.73041,-104.95258
80206,5.00E+05,2,2,1200,1521 VINE ST APT 203,Denver,Colorado,25046,3903.2,Denver,151873,39.73041,-104.95258
80206,1250000,2,2,1427,1650 FILLMORE ST APT 1501,Denver,Colorado,25046,3903.2,Denver,151873,39.73041,-104.95258
80206,325000,1,1,925,1685 STEELE ST APT A,Denver,Colorado,25046,3903.2,Denver,151873,39.73041,-104.95258
80206,1475000,5,3,3350,630 COOK ST,Denver,Colorado,25046,3903.2,Denver,151873,39.73041,-104.95258
80206,730000,1,1,1131,1650 FILLMORE ST APT 1606,Denver,Colorado,25046,3903.2,Denver,151873,39.73041,-104.95258
80206,2598000,4,5,4850,888 YORK ST,Denver,Colorado,25046,3903.2,Denver,151873,39.73041,-104.95258
80206,399995,1,1,720,1200 VINE ST APT 5E,Denver,Colorado,25046,3903.2,Denver,151873,39.73041,-104.95258
80206,925000,3,2,1413,503 DETROIT ST,Denver,Colorado,25046,3903.2,Denver,151873,39.73041,-104.95258
80206,1200000,3,4,1883,458 JACKSON ST,Denver,Colorado,25046,3903.2,Denver,151873,39.73041,-104.95258
80206,519000,2,1,724,3412 E 11TH AVE,Denver,Colorado,25046,3903.2,Denver,151873,39.73041,-104.95258
80206,795000,2,2,1494,60 GARFIELD ST STE H,Denver,Colorado,25046,3903.2,Denver,151873,39.73041,-104.95258
80206,1.00E+06,3,4,1833,415 HARRISON ST,Denver,Colorado,25046,3903.2,Denver,151873,39.73041,-104.95258
80206,650000,2,1,1131,1650 FILLMORE ST APT 1206,Denver,Colorado,25046,3903.2,Denver,151873,39.73041,-104.95258
80206,254900,1,1,1141,2400 E 13TH AVE APT 1,Denver,Colorado,25046,3903.2,Denver,151873,39.73041,-104.95258
80206,249500,1,1,614,1285 JOSEPHINE ST APT 9,Denver,Colorado,25046,3903.2,Denver,151873,39.73041,-104.95258
80206,1750000,2,1,940,3801 E 4TH AVE,Denver,Colorado,25046,3903.2,Denver,151873,39.73041,-104.95258
80206,4250000,5,6,6057,2611 E 7TH AVENUE PKWY,Denver,Colorado,25046,3903.2,Denver,151873,39.73041,-104.95258
80206,1725000,2,2,1244,155 STEELE ST APT 313,Denver,Colorado,25046,3903.2,Denver,151873,39.73041,-104.95258
80206,565000,3,2,1528,1243 MONROE ST,Denver,Colorado,25046,3903.2,Denver,151873,39.73041,-104.95258
80206,214900,2,1,797,1100 COLORADO BLVD APT OO2,Denver,Colorado,25046,3903.2,Denver,151873,39.73041,-104.95258
80206,1300000,5,3,2689,760 ELIZABETH ST,Denver,Colorado,25046,3903.2,Denver,151873,39.73041,-104.95258
80206,1796000,3,4,4024,34 JACKSON ST,Denver,Colorado,25046,3903.2,Denver,151873,39.73041,-104.95258
80206,2350000,4,4,3168,521 ADAMS ST,Denver,Colorado,25046,3903.2,Denver,151873,39.73041,-104.95258
80206,549000,2,2,1016,1705 GAYLORD ST APT 204,Denver,Colorado,25046,3903.2,Denver,151873,39.73041,-104.95258
80206,3390000,4,5,4615,443 CLAYTON ST,Denver,Colorado,25046,3903.2,Denver,151873,39.73041,-104.95258
80206,315000,1,1,685,1245 COLUMBINE ST APT 205,Denver,Colorado,25046,3903.2,Denver,151873,39.73041,-104.95258
80206,699000,3,2,1606,1285 JACKSON ST,Denver,Colorado,25046,3903.2,Denver,151873,39.73041,-104.95258
80206,1595000,8,7,4048,2639 E 12TH AVE,Denver,Colorado,25046,3903.2,Denver,151873,39.73041,-104.95258
80206,2790000,4,4,3983,1930 E 8TH AVE,Denver,Colorado,25046,3903.2,Denver,151873,39.73041,-104.95258
80206,3600000,4,7,6800,555 CLAYTON ST,Denver,Colorado,25046,3903.2,Denver,151873,39.73041,-104.95258
80206,3400000,4,7,5047,234 MONROE ST,Denver,Colorado,25046,3903.2,Denver,151873,39.73041,-104.95258
80206,950000,4,3,2044,1115 MADISON ST,Denver,Colorado,25046,3903.2,Denver,151873,39.73041,-104.95258
80206,299000,2,1,777,1265 ELIZABETH ST APT 201,Denver,Colorado,25046,3903.2,Denver,151873,39.73041,-104.95258
80206,680000,2,2,1230,1776 RACE ST APT 105,Denver,Colorado,25046,3903.2,Denver,151873,39.73041,-104.95258
80206,1995000,4,4,3102,822 RACE ST,Denver,Colorado,25046,3903.2,Denver,151873,39.73041,-104.95258
80206,3500000,4,7,4713,473 CLAYTON ST,Denver,Colorado,25046,3903.2,Denver,151873,39.73041,-104.95258
80207,513000,5,2,1802,3033 KRAMERIA ST,Denver,Colorado,22776,2243.5,Denver,144233,39.76137,-104.91674
80207,375000,2,1,867,3545 FOREST ST,Denver,Colorado,22776,2243.5,Denver,144233,39.76137,-104.91674
80207,675000,3,2,1780,2836 N GLENCOE ST,Denver,Colorado,22776,2243.5,Denver,144233,39.76137,-104.91674
80207,625000,4,1,1755,2840 MAGNOLIA ST,Denver,Colorado,22776,2243.5,Denver,144233,39.76137,-104.91674
80207,345000,1,1,590,3035 ASH ST,Denver,Colorado,22776,2243.5,Denver,144233,39.76137,-104.91674
80207,549900,4,2,1845,5166 E 35TH AVE,Denver,Colorado,22776,2243.5,Denver,144233,39.76137,-104.91674
80207,805000,4,2,2233,2582 BELLAIRE ST,Denver,Colorado,22776,2243.5,Denver,144233,39.76137,-104.91674
80207,529400,4,2,1015,2630 NEWPORT ST,Denver,Colorado,22776,2243.5,Denver,144233,39.76137,-104.91674
80207,770000,3,2,2020,2820 DEXTER ST,Denver,Colorado,22776,2243.5,Denver,144233,39.76137,-104.91674
80207,750000,2,2,1800,2824 CHERRY ST,Denver,Colorado,22776,2243.5,Denver,144233,39.76137,-104.91674
80207,774900,3,2,1672,2640 LOCUST ST,Denver,Colorado,22776,2243.5,Denver,144233,39.76137,-104.91674
80207,599000,4,2,1828,2666 ALBION ST,Denver,Colorado,22776,2243.5,Denver,144233,39.76137,-104.91674
80207,345000,1,1,590,3035 ASH ST,Denver,Colorado,22776,2243.5,Denver,144233,39.76137,-104.91674
80207,640000,4,3,2763,2930 MONACO PKWY,Denver,Colorado,22776,2243.5,Denver,144233,39.76137,-104.91674
80207,325000,1,1,634,4105 E MARTIN LUTHER KING JR BLVD,Denver,Colorado,22776,2243.5,Denver,144233,39.76137,-104.91674
80207,667500,5,2,1112,3620 NIAGARA ST,Denver,Colorado,22776,2243.5,Denver,144233,39.76137,-104.91674
80207,1275000,4,4,2304,2500 LOCUST ST,Denver,Colorado,22776,2243.5,Denver,144233,39.76137,-104.91674
80207,695000,3,2,1976,3055 CLERMONT ST,Denver,Colorado,22776,2243.5,Denver,144233,39.76137,-104.91674
80207,549900,4,2,1587,5221 E THRILL PL # 5223,Denver,Colorado,22776,2243.5,Denver,144233,39.76137,-104.91674
80207,615000,2,2,1485,2910 NIAGARA ST,Denver,Colorado,22776,2243.5,Denver,144233,39.76137,-104.91674
80207,4.00E+05,2,1,741,2865 PONTIAC ST,Denver,Colorado,22776,2243.5,Denver,144233,39.76137,-104.91674
80207,499000,5,2,1170,7650 E 23RD AVE,Denver,Colorado,22776,2243.5,Denver,144233,39.76137,-104.91674
80207,599975,4,2,1604,2690 PONTIAC ST,Denver,Colorado,22776,2243.5,Denver,144233,39.76137,-104.91674
80207,596000,2,2,2298,3066 BIRCH ST,Denver,Colorado,22776,2243.5,Denver,144233,39.76137,-104.91674
80207,430000,3,2,1909,3353 KRAMERIA ST,Denver,Colorado,22776,2243.5,Denver,144233,39.76137,-104.91674
80207,640000,3,2,2152,3042 FAIRFAX ST,Denver,Colorado,22776,2243.5,Denver,144233,39.76137,-104.91674
80207,1950000,6,5,5124,2650 JASMINE ST,Denver,Colorado,22776,2243.5,Denver,144233,39.76137,-104.91674
80207,540000,3,2,1920,5080 E MARTIN LUTHER KING JR BLVD,Denver,Colorado,22776,2243.5,Denver,144233,39.76137,-104.91674
80209,850000,4,2,1945,723 S SHERMAN ST,Denver,Colorado,24073,2653.5,Denver,166394,39.70608,-104.9656
80209,408000,1,1,768,460 S MARION PKWY APT 1005,Denver,Colorado,24073,2653.5,Denver,166394,39.70608,-104.9656
80209,850000,3,3,2037,160 S JACKSON ST,Denver,Colorado,24073,2653.5,Denver,166394,39.70608,-104.9656
80209,2200000,6,5,4178,935 S DOWNING ST,Denver,Colorado,24073,2653.5,Denver,166394,39.70608,-104.9656
80209,419900,2,2,943,400 S LAFAYETTE ST APT 503,Denver,Colorado,24073,2653.5,Denver,166394,39.70608,-104.9656
80209,3600000,5,5,5297,1050 S YORK ST,Denver,Colorado,24073,2653.5,Denver,166394,39.70608,-104.9656
80209,575000,2,2,867,500 S PENNSYLVANIA ST # 512,Denver,Colorado,24073,2653.5,Denver,166394,39.70608,-104.9656
80209,1699000,5,3,3809,777 S DOWNING ST,Denver,Colorado,24073,2653.5,Denver,166394,39.70608,-104.9656
80209,475000,1,1,921,425 E ELLSWORTH AVE,Denver,Colorado,24073,2653.5,Denver,166394,39.70608,-104.9656
80209,895000,4,2,1952,156 S WASHINGTON ST APT 158,Denver,Colorado,24073,2653.5,Denver,166394,39.70608,-104.9656
80209,2075000,4,5,3623,450 S FRANKLIN ST,Denver,Colorado,24073,2653.5,Denver,166394,39.70608,-104.9656
80209,2395000,4,4,3078,645 S RACE ST,Denver,Colorado,24073,2653.5,Denver,166394,39.70608,-104.9656
80209,3500000,5,5,4019,942 S FRANKLIN ST,Denver,Colorado,24073,2653.5,Denver,166394,39.70608,-104.9656
80209,1075000,6,6,2086,269 S GRANT ST,Denver,Colorado,24073,2653.5,Denver,166394,39.70608,-104.9656
80209,750000,2,2,1403,285 S PEARL ST,Denver,Colorado,24073,2653.5,Denver,166394,39.70608,-104.9656
80209,1300000,3,2,2275,346 S WILLIAMS ST,Denver,Colorado,24073,2653.5,Denver,166394,39.70608,-104.9656
80209,1795000,4,3,2922,908 S HIGH ST,Denver,Colorado,24073,2653.5,Denver,166394,39.70608,-104.9656
80209,850000,4,2,1945,723 S SHERMAN ST,Denver,Colorado,24073,2653.5,Denver,166394,39.70608,-104.9656
80209,3500000,5,5,4676,1059 S YORK ST,Denver,Colorado,24073,2653.5,Denver,166394,39.70608,-104.9656
80209,4199000,5,7,5123,382 S RACE ST,Denver,Colorado,24073,2653.5,Denver,166394,39.70608,-104.9656
80209,2275000,5,4,4865,315 S YORK ST,Denver,Colorado,24073,2653.5,Denver,166394,39.70608,-104.9656
80209,920000,3,3,1578,512 S LOGAN ST,Denver,Colorado,24073,2653.5,Denver,166394,39.70608,-104.9656
80209,10695000,7,8,10790,2750 E CEDAR AVE,Denver,Colorado,24073,2653.5,Denver,166394,39.70608,-104.9656
80209,2495000,4,4,4040,2353 E ALAMEDA AVE,Denver,Colorado,24073,2653.5,Denver,166394,39.70608,-104.9656
80209,1498000,4,4,4283,331 S GAYLORD ST,Denver,Colorado,24073,2653.5,Denver,166394,39.70608,-104.9656
80209,875000,2,2,1716,360 S LAFAYETTE ST UNIT 403,Denver,Colorado,24073,2653.5,Denver,166394,39.70608,-104.9656
80209,650000,2,2,1278,329 S WASHINGTON ST,Denver,Colorado,24073,2653.5,Denver,166394,39.70608,-104.9656
80209,2385000,5,6,3796,345 S RACE ST,Denver,Colorado,24073,2653.5,Denver,166394,39.70608,-104.9656
80209,1050000,3,4,1971,163 S HARRISON ST,Denver,Colorado,24073,2653.5,Denver,166394,39.70608,-104.9656
80209,3500000,4,4,4283,333 S GAYLORD ST,Denver,Colorado,24073,2653.5,Denver,166394,39.70608,-104.9656
80209,3600000,5,5,4296,590 S RACE ST,Denver,Colorado,24073,2653.5,Denver,166394,39.70608,-104.9656
80209,550000,2,2,1617,3131 E ALAMEDA AVE UNIT 505,Denver,Colorado,24073,2653.5,Denver,166394,39.70608,-104.9656
80209,1199000,3,2,2073,926 S YORK ST,Denver,Colorado,24073,2653.5,Denver,166394,39.70608,-104.9656
80209,2579000,4,3,3874,909 S MONROE ST,Denver,Colorado,24073,2653.5,Denver,166394,39.70608,-104.9656
80209,1195000,4,3,2217,933 S CLAYTON WAY,Denver,Colorado,24073,2653.5,Denver,166394,39.70608,-104.9656
80209,575000,1,2,687,500 S PENNSYLVANIA ST # 512,Denver,Colorado,24073,2653.5,Denver,166394,39.70608,-104.9656
80210,2375000,5,4,4105,1503 S EMERSON ST,Denver,Colorado,38059,2413.4,Denver,168692,39.6781,-104.96275
80210,415000,2,1,815,2678 S HUMBOLDT ST,Denver,Colorado,38059,2413.4,Denver,168692,39.6781,-104.96275
80210,850000,5,3,3149,2089 S LOGAN ST,Denver,Colorado,38059,2413.4,Denver,168692,39.6781,-104.96275
80210,850000,6,2,2400,2552/2556 S LOGAN STREET,Denver,Colorado,38059,2413.4,Denver,168692,39.6781,-104.96275
80210,534900,1,1,874,1912 S DOWNING ST,Denver,Colorado,38059,2413.4,Denver,168692,39.6781,-104.96275
80210,839000,4,2,2177,2500 E MEXICO AVE,Denver,Colorado,38059,2413.4,Denver,168692,39.6781,-104.96275
80210,795000,4,2,1758,3030 S JACKSON ST,Denver,Colorado,38059,2413.4,Denver,168692,39.6781,-104.96275
80210,750000,3,3,2846,3333 E FLORIDA AVE APT 30,Denver,Colorado,38059,2413.4,Denver,168692,39.6781,-104.96275
80210,1749000,3,3,4378,1158 S VINE ST,Denver,Colorado,38059,2413.4,Denver,168692,39.6781,-104.96275
80210,5250000,6,6,7266,2501 S CLAYTON ST,Denver,Colorado,38059,2413.4,Denver,168692,39.6781,-104.96275
80210,2230000,5,6,4128,3460 E NIELSEN LN,Denver,Colorado,38059,2413.4,Denver,168692,39.6781,-104.96275
80210,2.00E+06,5,4,2774,2445 S JACKSON ST,Denver,Colorado,38059,2413.4,Denver,168692,39.6781,-104.96275
80210,450000,3,2,1824,3976 E EVANS AVE,Denver,Colorado,38059,2413.4,Denver,168692,39.6781,-104.96275
80210,1499000,5,4,3878,2901 S COOK ST,Denver,Colorado,38059,2413.4,Denver,168692,39.6781,-104.96275
80210,1100000,4,3,2197,1490 S SAINT PAUL ST,Denver,Colorado,38059,2413.4,Denver,168692,39.6781,-104.96275
80210,485000,2,2,930,1313 S CLARKSON ST APT 303,Denver,Colorado,38059,2413.4,Denver,168692,39.6781,-104.96275
80210,1395000,2,2,2524,2244 S COLUMBINE ST,Denver,Colorado,38059,2413.4,Denver,168692,39.6781,-104.96275
80210,879900,2,3,1853,2454 S GILPIN ST,Denver,Colorado,38059,2413.4,Denver,168692,39.6781,-104.96275
80210,2100000,4,5,4540,1392 S VINE ST,Denver,Colorado,38059,2413.4,Denver,168692,39.6781,-104.96275
80210,675000,3,3,1507,1935 S MONROE ST,Denver,Colorado,38059,2413.4,Denver,168692,39.6781,-104.96275
80210,1285000,4,5,3302,2526 S LINCOLN ST,Denver,Colorado,38059,2413.4,Denver,168692,39.6781,-104.96275
80210,2495000,5,5,4832,1128 S JACKSON ST,Denver,Colorado,38059,2413.4,Denver,168692,39.6781,-104.96275
80210,2450000,6,6,5514,1257 S GARFIELD ST,Denver,Colorado,38059,2413.4,Denver,168692,39.6781,-104.96275
80210,779000,3,3,1667,2560 S RACE ST,Denver,Colorado,38059,2413.4,Denver,168692,39.6781,-104.96275
80210,1380000,4,4,3505,1909 S LOGAN ST,Denver,Colorado,38059,2413.4,Denver,168692,39.6781,-104.96275
80210,920000,3,2,1736,1266 S EMERSON ST,Denver,Colorado,38059,2413.4,Denver,168692,39.6781,-104.96275
80210,850000,4,3,830,1688 S LINCOLN ST,Denver,Colorado,38059,2413.4,Denver,168692,39.6781,-104.96275
80210,620000,4,1,1725,2551 S LAFAYETTE ST,Denver,Colorado,38059,2413.4,Denver,168692,39.6781,-104.96275
80210,380000,2,2,1495,1888 S JACKSON ST APT 601,Denver,Colorado,38059,2413.4,Denver,168692,39.6781,-104.96275
80210,969000,5,2,2349,2387 S OGDEN ST,Denver,Colorado,38059,2413.4,Denver,168692,39.6781,-104.96275
80210,2450000,4,5,3546,3705 E WARREN AVE,Denver,Colorado,38059,2413.4,Denver,168692,39.6781,-104.96275
80210,785000,3,2,1588,1168 S MADISON ST,Denver,Colorado,38059,2413.4,Denver,168692,39.6781,-104.96275
80210,1595000,4,5,3302,1286 S PENNSYLVANIA ST,Denver,Colorado,38059,2413.4,Denver,168692,39.6781,-104.96275
80210,2895000,5,5,5532,2684 S COOK ST,Denver,Colorado,38059,2413.4,Denver,168692,39.6781,-104.96275
80210,1650000,6,5,2935,1847 S GRANT ST,Denver,Colorado,38059,2413.4,Denver,168692,39.6781,-104.96275
80210,1050000,7,3,2607,2293 AND 2295 S SHERMAN STREET,Denver,Colorado,38059,2413.4,Denver,168692,39.6781,-104.96275
80210,1750000,4,5,3929,1770 S CORONA ST,Denver,Colorado,38059,2413.4,Denver,168692,39.6781,-104.96275
80210,995000,4,3,3567,2116 S OGDEN ST,Denver,Colorado,38059,2413.4,Denver,168692,39.6781,-104.96275
80210,2800000,4,4,4040,3241 S MONROE ST,Denver,Colorado,38059,2413.4,Denver,168692,39.6781,-104.96275
80210,2400000,6,6,4740,2741 S JACKSON ST,Denver,Colorado,38059,2413.4,Denver,168692,39.6781,-104.96275
80210,630000,2,3,1644,2200 S UNIVERSITY BLVD APT 414,Denver,Colorado,38059,2413.4,Denver,168692,39.6781,-104.96275
80210,1380000,4,4,3505,1909 S LOGAN ST,Denver,Colorado,38059,2413.4,Denver,168692,39.6781,-104.96275
80210,899900,4,2,2576,1631 S LINCOLN ST,Denver,Colorado,38059,2413.4,Denver,168692,39.6781,-104.96275
80210,945000,3,4,2764,2031 S PEARL ST,Denver,Colorado,38059,2413.4,Denver,168692,39.6781,-104.96275
80210,689900,2,2,804,1327 S LOGAN ST,Denver,Colorado,38059,2413.4,Denver,168692,39.6781,-104.96275
80210,950000,3,3,2086,2461 S HIGH ST,Denver,Colorado,38059,2413.4,Denver,168692,39.6781,-104.96275
80210,399000,2,1,940,2358 S RACE ST,Denver,Colorado,38059,2413.4,Denver,168692,39.6781,-104.96275
80210,990000,3,3,1805,2768 S COOK ST,Denver,Colorado,38059,2413.4,Denver,168692,39.6781,-104.96275
80210,8.00E+05,5,3,2200,2465 S RACE ST,Denver,Colorado,38059,2413.4,Denver,168692,39.6781,-104.96275
80210,675000,3,1,1142,1315 S SHERMAN ST,Denver,Colorado,38059,2413.4,Denver,168692,39.6781,-104.96275
80210,2550000,5,6,5766,2111 S COLUMBINE ST,Denver,Colorado,38059,2413.4,Denver,168692,39.6781,-104.96275
80210,2849000,6,5,4782,2306 S COLUMBINE ST,Denver,Colorado,38059,2413.4,Denver,168692,39.6781,-104.96275
80210,825000,4,2,1856,1650 S SAINT PAUL ST,Denver,Colorado,38059,2413.4,Denver,168692,39.6781,-104.96275
80210,860000,4,3,2239,1942 S LAFAYETTE ST,Denver,Colorado,38059,2413.4,Denver,168692,39.6781,-104.96275
80210,1865000,5,5,4837,3027 S COOK ST,Denver,Colorado,38059,2413.4,Denver,168692,39.6781,-104.96275
80210,640000,2,2,1536,2824 S JACKSON ST,Denver,Colorado,38059,2413.4,Denver,168692,39.6781,-104.96275
80210,889000,4,3,2290,2646 S GARFIELD WAY,Denver,Colorado,38059,2413.4,Denver,168692,39.6781,-104.96275
80210,969000,5,2,2461,2387 S OGDEN ST,Denver,Colorado,38059,2413.4,Denver,168692,39.6781,-104.96275
80210,4500000,4,6,6110,2409 S FILLMORE ST,Denver,Colorado,38059,2413.4,Denver,168692,39.6781,-104.96275
80210,4495000,7,6,5674,1100 S GILPIN ST,Denver,Colorado,38059,2413.4,Denver,168692,39.6781,-104.96275
80210,1799000,5,5,4535,1810 S STEELE ST,Denver,Colorado,38059,2413.4,Denver,168692,39.6781,-104.96275
80210,9.00E+05,4,2,1700,2082 S LINCOLN ST,Denver,Colorado,38059,2413.4,Denver,168692,39.6781,-104.96275
80210,899000,5,4,2290,1924 S MADISON ST,Denver,Colorado,38059,2413.4,Denver,168692,39.6781,-104.96275
80211,595000,2,1,1002,2022 W ELK PL,Denver,Colorado,36330,3107.4,Denver,143444,39.76715,-105.02006
80211,519000,2,3,1022,1923 W ELK PL UNIT 2,Denver,Colorado,36330,3107.4,Denver,143444,39.76715,-105.02006
80211,599000,2,1,938,3070 W 35TH AVE,Denver,Colorado,36330,3107.4,Denver,143444,39.76715,-105.02006
80211,825000,3,2,1551,4244 ELIOT ST,Denver,Colorado,36330,3107.4,Denver,143444,39.76715,-105.02006
80211,629000,2,3,1350,2822 ELIOT ST,Denver,Colorado,36330,3107.4,Denver,143444,39.76715,-105.02006
80211,544500,2,1,749,4214 PECOS ST,Denver,Colorado,36330,3107.4,Denver,143444,39.76715,-105.02006
80211,675000,2,3,1315,3737 KALAMATH ST APT 5,Denver,Colorado,36330,3107.4,Denver,143444,39.76715,-105.02006
80211,925000,3,2,1549,3223 MEADE ST,Denver,Colorado,36330,3107.4,Denver,143444,39.76715,-105.02006
80211,589000,2,2,1137,2195 DECATUR ST UNIT 312,Denver,Colorado,36330,3107.4,Denver,143444,39.76715,-105.02006
80211,550000,2,1,890,2850 IRVING ST,Denver,Colorado,36330,3107.4,Denver,143444,39.76715,-105.02006
80211,1150000,3,3,2270,4235 UMATILLA ST,Denver,Colorado,36330,3107.4,Denver,143444,39.76715,-105.02006
80211,775000,2,3,1503,4595 TEJON ST,Denver,Colorado,36330,3107.4,Denver,143444,39.76715,-105.02006
80211,485000,2,1,674,2438 W 35TH AVE APT 6,Denver,Colorado,36330,3107.4,Denver,143444,39.76715,-105.02006
80211,1400000,3,5,3064,2225 W 34TH AVE,Denver,Colorado,36330,3107.4,Denver,143444,39.76715,-105.02006
80211,950000,5,3,3035,4578 LOWELL BLVD,Denver,Colorado,36330,3107.4,Denver,143444,39.76715,-105.02006
80211,795000,3,2,1419,2727 W 34TH AVE,Denver,Colorado,36330,3107.4,Denver,143444,39.76715,-105.02006
80211,1585000,4,4,2494,2600 W 23RD AVE,Denver,Colorado,36330,3107.4,Denver,143444,39.76715,-105.02006
80211,1600000,4,5,3216,3546 PECOS ST,Denver,Colorado,36330,3107.4,Denver,143444,39.76715,-105.02006
80211,1190000,3,4,1923,2639 17TH ST UNIT 2,Denver,Colorado,36330,3107.4,Denver,143444,39.76715,-105.02006
80211,1499000,4,5,3350,2637 W 23RD AVE,Denver,Colorado,36330,3107.4,Denver,143444,39.76715,-105.02006
80211,1290000,4,3,2465,3477 W 37TH AVE,Denver,Colorado,36330,3107.4,Denver,143444,39.76715,-105.02006
80211,1325000,4,5,3102,2722 HOOKER ST,Denver,Colorado,36330,3107.4,Denver,143444,39.76715,-105.02006
80211,2195000,5,6,3300,3642 MARIPOSA ST,Denver,Colorado,36330,3107.4,Denver,143444,39.76715,-105.02006
80211,1689000,5,4,3180,4276 GROVE ST,Denver,Colorado,36330,3107.4,Denver,143444,39.76715,-105.02006
80211,999500,4,3,2329,2627 W 37TH AVE,Denver,Colorado,36330,3107.4,Denver,143444,39.76715,-105.02006
80211,1495000,4,5,3120,3632 MARIPOSA ST,Denver,Colorado,36330,3107.4,Denver,143444,39.76715,-105.02006
80211,779000,4,2,2100,4047 KING ST,Denver,Colorado,36330,3107.4,Denver,143444,39.76715,-105.02006
80211,870000,3,2,1608,3942 ALCOTT ST,Denver,Colorado,36330,3107.4,Denver,143444,39.76715,-105.02006
80211,675000,3,2,1211,4742 MEADE ST,Denver,Colorado,36330,3107.4,Denver,143444,39.76715,-105.02006
80211,370100,1,1,593,3915 ZUNI ST,Denver,Colorado,36330,3107.4,Denver,143444,39.76715,-105.02006
80211,950000,5,2,2127,3527 NEWTON ST,Denver,Colorado,36330,3107.4,Denver,143444,39.76715,-105.02006
80211,799900,2,1,1139,2439 W 32ND AVE,Denver,Colorado,36330,3107.4,Denver,143444,39.76715,-105.02006
80211,649000,2,4,1287,2814 FEDERAL BLVD,Denver,Colorado,36330,3107.4,Denver,143444,39.76715,-105.02006
80211,495000,1,1,820,1735 CENTRAL ST APT 313,Denver,Colorado,36330,3107.4,Denver,143444,39.76715,-105.02006
80211,750000,3,2,1180,2184 KING ST,Denver,Colorado,36330,3107.4,Denver,143444,39.76715,-105.02006
80211,665000,2,1,961,3200 W 26TH AVE,Denver,Colorado,36330,3107.4,Denver,143444,39.76715,-105.02006
80211,1595000,5,5,3338,3323 NEWTON ST,Denver,Colorado,36330,3107.4,Denver,143444,39.76715,-105.02006
80211,7.00E+05,1,2,822,2418 W 38TH AVE,Denver,Colorado,36330,3107.4,Denver,143444,39.76715,-105.02006
80211,1500000,4,5,3189,2662 LOWELL BLVD,Denver,Colorado,36330,3107.4,Denver,143444,39.76715,-105.02006
80211,895000,2,3,2159,2602 W 24TH AVE UNIT 14,Denver,Colorado,36330,3107.4,Denver,143444,39.76715,-105.02006
80211,630000,3,2,1585,1742 W 36TH AVE,Denver,Colorado,36330,3107.4,Denver,143444,39.76715,-105.02006
80211,450000,2,1,951,2014 W 43RD AVE,Denver,Colorado,36330,3107.4,Denver,143444,39.76715,-105.02006
80211,825000,4,3,2150,3405 N CLAY ST,Denver,Colorado,36330,3107.4,Denver,143444,39.76715,-105.02006
80211,1195000,3,3,2217,2432 JULIAN ST,Denver,Colorado,36330,3107.4,Denver,143444,39.76715,-105.02006
80211,530000,1,1,770,1908 W 33RD AVE UNIT 301,Denver,Colorado,36330,3107.4,Denver,143444,39.76715,-105.02006
80211,775000,2,4,1561,2810 FEDERAL BLVD,Denver,Colorado,36330,3107.4,Denver,143444,39.76715,-105.02006
80211,799000,2,3,1595,3812 JULIAN ST,Denver,Colorado,36330,3107.4,Denver,143444,39.76715,-105.02006
80211,825000,4,3,2413,4500 BEACH CT,Denver,Colorado,36330,3107.4,Denver,143444,39.76715,-105.02006
80211,2650000,3,5,4810,3453 NAVAJO ST,Denver,Colorado,36330,3107.4,Denver,143444,39.76715,-105.02006
80211,450000,1,1,647,2467 W ARGYLE PL,Denver,Colorado,36330,3107.4,Denver,143444,39.76715,-105.02006
80211,1585000,3,4,2392,1330 W 35TH AVE,Denver,Colorado,36330,3107.4,Denver,143444,39.76715,-105.02006
80211,4.00E+05,1,1,549,3211 ZUNI ST APT 16,Denver,Colorado,36330,3107.4,Denver,143444,39.76715,-105.02006
80211,669900,2,2,1143,2790 W 25TH AVE UNIT 7,Denver,Colorado,36330,3107.4,Denver,143444,39.76715,-105.02006
80211,725000,5,3,2268,3348 NAVAJO ST,Denver,Colorado,36330,3107.4,Denver,143444,39.76715,-105.02006
80211,1149000,3,3,1462,3353 TEJON ST,Denver,Colorado,36330,3107.4,Denver,143444,39.76715,-105.02006
80211,1500000,4,4,2709,4336 ZUNI ST,Denver,Colorado,36330,3107.4,Denver,143444,39.76715,-105.02006
80211,650000,2,3,1235,3959 INCA ST,Denver,Colorado,36330,3107.4,Denver,143444,39.76715,-105.02006
80211,1595000,4,4,3512,3537 W 40TH AVE,Denver,Colorado,36330,3107.4,Denver,143444,39.76715,-105.02006
80211,1595000,4,4,3512,3537 W 40TH AVE,Denver,Colorado,36330,3107.4,Denver,143444,39.76715,-105.02006
80212,560000,1,1,1242,4625 W 50TH AVE APT 203,Denver,Colorado,19778,2143.1,Denver,146081,39.77174,-105.04819
80212,1599999,4,4,2997,4476 YATES ST,Denver,Colorado,19778,2143.1,Denver,146081,39.77174,-105.04819
80212,1160000,3,2,2006,4528 W 27TH AVE,Denver,Colorado,19778,2143.1,Denver,146081,39.77174,-105.04819
80212,1450000,3,3,2024,4101 W 20TH AVE,Denver,Colorado,19778,2143.1,Denver,146081,39.77174,-105.04819
80212,2300000,4,4,3677,2490 WOLFF ST,Denver,Colorado,19778,2143.1,Denver,146081,39.77174,-105.04819
80212,1925000,3,4,3705,4895 W 29TH AVE,Denver,Colorado,19778,2143.1,Denver,146081,39.77174,-105.04819
80212,995000,3,1,970,2110 N RALEIGH ST,Denver,Colorado,19778,2143.1,Denver,146081,39.77174,-105.04819
80212,799900,2,2,1227,4182 YATES ST,Denver,Colorado,19778,2143.1,Denver,146081,39.77174,-105.04819
80212,1999000,4,5,4503,4128 CHASE ST,Denver,Colorado,19778,2143.1,Denver,146081,39.77174,-105.04819
80212,943000,4,3,1738,2925 PERRY ST,Denver,Colorado,19778,2143.1,Denver,146081,39.77174,-105.04819
80212,2250000,5,7,4094,4536 QUITMAN ST,Denver,Colorado,19778,2143.1,Denver,146081,39.77174,-105.04819
80212,2595000,5,7,4568,2019 OSCEOLA ST,Denver,Colorado,19778,2143.1,Denver,146081,39.77174,-105.04819
80212,1100000,4,3,2431,3915 W 25TH AVE,Denver,Colorado,19778,2143.1,Denver,146081,39.77174,-105.04819
80212,999000,2,3,1830,3515 PERRY ST,Denver,Colorado,19778,2143.1,Denver,146081,39.77174,-105.04819
80212,1395000,4,4,2974,3832 QUITMAN ST,Denver,Colorado,19778,2143.1,Denver,146081,39.77174,-105.04819
80212,2795000,5,5,5540,4843 W HAYWARD PL,Denver,Colorado,19778,2143.1,Denver,146081,39.77174,-105.04819
80212,1293000,3,4,3134,3320 STUART ST,Denver,Colorado,19778,2143.1,Denver,146081,39.77174,-105.04819
80212,630000,2,2,817,3748 ZENOBIA ST,Denver,Colorado,19778,2143.1,Denver,146081,39.77174,-105.04819
80212,1325000,3,4,2296,4573 STUART ST # 2,Denver,Colorado,19778,2143.1,Denver,146081,39.77174,-105.04819
80212,2295000,4,5,3914,2541 N RALEIGH ST,Denver,Colorado,19778,2143.1,Denver,146081,39.77174,-105.04819
80212,1200000,3,2,2112,4714 TENNYSON ST,Denver,Colorado,19778,2143.1,Denver,146081,39.77174,-105.04819
80212,850000,3,2,1076,4027 W 44TH AVE,Denver,Colorado,19778,2143.1,Denver,146081,39.77174,-105.04819
80212,745000,3,1,1680,4419 OSCEOLA ST,Denver,Colorado,19778,2143.1,Denver,146081,39.77174,-105.04819
80212,1395000,4,4,2558,4540 W HAYWARD PL,Denver,Colorado,19778,2143.1,Denver,146081,39.77174,-105.04819
80212,750000,2,1,1008,2632 WOLFF ST,Denver,Colorado,19778,2143.1,Denver,146081,39.77174,-105.04819
80212,1293000,3,4,3134,3320 STUART ST,Denver,Colorado,19778,2143.1,Denver,146081,39.77174,-105.04819
80212,2325000,6,5,4703,4585 QUITMAN ST,Denver,Colorado,19778,2143.1,Denver,146081,39.77174,-105.04819
80212,959900,3,2,1866,2666 STUART ST,Denver,Colorado,19778,2143.1,Denver,146081,39.77174,-105.04819
80212,850000,3,2,1626,2844 STUART ST,Denver,Colorado,19778,2143.1,Denver,146081,39.77174,-105.04819
80212,1300000,4,5,3275,4505 W 50TH AVE,Denver,Colorado,19778,2143.1,Denver,146081,39.77174,-105.04819
80212,1495000,4,4,2750,4874 QUITMAN ST,Denver,Colorado,19778,2143.1,Denver,146081,39.77174,-105.04819
80216,205000,1,1,449,3575 CHESTNUT PL UNIT 806,Denver,Colorado,15349,584.9,Denver,90225,39.78659,-104.96187
80216,205000,1,1,448,3575 CHESTNUT PL UNIT 805,Denver,Colorado,15349,584.9,Denver,90225,39.78659,-104.96187
80216,335000,2,1,690,4427 CHEROKEE ST,Denver,Colorado,15349,584.9,Denver,90225,39.78659,-104.96187
80216,535000,3,2,969,5085 LINCOLN ST,Denver,Colorado,15349,584.9,Denver,90225,39.78659,-104.96187
80216,399900,2,1,857,5015 STEELE ST,Denver,Colorado,15349,584.9,Denver,90225,39.78659,-104.96187
80216,295000,3,1,912,3575 CHESTNUT PL UNIT 802,Denver,Colorado,15349,584.9,Denver,90225,39.78659,-104.96187
80216,449900,2,1,757,4746 PENNSYLVANIA ST,Denver,Colorado,15349,584.9,Denver,90225,39.78659,-104.96187
80216,409900,2,3,820,4718 VINE ST,Denver,Colorado,15349,584.9,Denver,90225,39.78659,-104.96187
80216,240000,2,1,650,3575 CHESTNUT PL UNIT 803,Denver,Colorado,15349,584.9,Denver,90225,39.78659,-104.96187
80216,240000,2,1,817,4320 CLAYTON ST,Denver,Colorado,15349,584.9,Denver,90225,39.78659,-104.96187
80216,4.00E+05,3,1,954,4709 SHERMAN ST,Denver,Colorado,15349,584.9,Denver,90225,39.78659,-104.96187
80216,375000,2,2,1124,4100 ALBION ST UNIT 601,Denver,Colorado,15349,584.9,Denver,90225,39.78659,-104.96187
80216,240000,2,1,645,3575 CHESTNUT PL UNIT 807,Denver,Colorado,15349,584.9,Denver,90225,39.78659,-104.96187
80218,1100000,3,3,3016,1243 N MARION ST,Denver,Colorado,19013,4638.1,Denver,130715,39.73119,-104.97073
80218,8.00E+05,3,2,1359,507 N DOWNING ST,Denver,Colorado,19013,4638.1,Denver,130715,39.73119,-104.97073
80218,660000,2,2,971,1601 PARK AVE UNIT 202,Denver,Colorado,19013,4638.1,Denver,130715,39.73119,-104.97073
80218,595000,2,2,1016,1102 E 4TH AVE,Denver,Colorado,19013,4638.1,Denver,130715,39.73119,-104.97073
80218,775000,2,2,1151,1601 PARK AVE UNIT 307,Denver,Colorado,19013,4638.1,Denver,130715,39.73119,-104.97073
80218,280000,1,1,545,1008 N CORONA ST APT 508,Denver,Colorado,19013,4638.1,Denver,130715,39.73119,-104.97073
80218,299973,1,1,715,1233 N OGDEN ST APT 605,Denver,Colorado,19013,4638.1,Denver,130715,39.73119,-104.97073
80218,875000,2,3,1361,1601 PARK AVE UNIT 213,Denver,Colorado,19013,4638.1,Denver,130715,39.73119,-104.97073
80218,265000,1,1,626,1441 N HUMBOLDT ST APT 202,Denver,Colorado,19013,4638.1,Denver,130715,39.73119,-104.97073
80218,450000,2,2,1168,1313 N WILLIAMS ST APT 704,Denver,Colorado,19013,4638.1,Denver,130715,39.73119,-104.97073
80218,259000,1,1,577,1056 N MARION ST APT 101,Denver,Colorado,19013,4638.1,Denver,130715,39.73119,-104.97073
80218,825000,3,2,1376,610 N DOWNING ST,Denver,Colorado,19013,4638.1,Denver,130715,39.73119,-104.97073
80218,845000,3,3,1649,1807 N WILLIAMS ST,Denver,Colorado,19013,4638.1,Denver,130715,39.73119,-104.97073
80218,440000,1,1,674,1601 PARK AVE UNIT 305,Denver,Colorado,19013,4638.1,Denver,130715,39.73119,-104.97073
80218,675000,2,3,1962,1735 N FRANKLIN ST,Denver,Colorado,19013,4638.1,Denver,130715,39.73119,-104.97073
80218,299999,1,1,708,1270 N MARION ST APT 404,Denver,Colorado,19013,4638.1,Denver,130715,39.73119,-104.97073
80218,675000,2,3,1965,1737 N FRANKLIN ST,Denver,Colorado,19013,4638.1,Denver,130715,39.73119,-104.97073
80218,1150000,3,3,1844,1180 N LAFAYETTE ST,Denver,Colorado,19013,4638.1,Denver,130715,39.73119,-104.97073
80218,650000,1,1,1009,1601 PARK AVE UNIT 116,Denver,Colorado,19013,4638.1,Denver,130715,39.73119,-104.97073
80218,1350000,6,4,4102,1253 N CORONA ST,Denver,Colorado,19013,4638.1,Denver,130715,39.73119,-104.97073
80218,950000,3,4,2138,1817 N WILLIAMS ST,Denver,Colorado,19013,4638.1,Denver,130715,39.73119,-104.97073
80218,250000,1,1,527,1374 N OGDEN ST APT A,Denver,Colorado,19013,4638.1,Denver,130715,39.73119,-104.97073
80218,665000,2,1,873,1601 PARK AVE UNIT 401,Denver,Colorado,19013,4638.1,Denver,130715,39.73119,-104.97073
80218,399000,1,1,649,1601 PARK AVE UNIT 108,Denver,Colorado,19013,4638.1,Denver,130715,39.73119,-104.97073
80218,1825000,4,5,3143,410 N WILLIAMS ST,Denver,Colorado,19013,4638.1,Denver,130715,39.73119,-104.97073
80218,1095000,2,3,1320,1601 PARK AVE UNIT 506,Denver,Colorado,19013,4638.1,Denver,130715,39.73119,-104.97073
80218,865000,3,4,1667,1782 N WILLIAMS ST,Denver,Colorado,19013,4638.1,Denver,130715,39.73119,-104.97073
80218,590000,2,2,994,1104 E 4TH AVE,Denver,Colorado,19013,4638.1,Denver,130715,39.73119,-104.97073
80218,240000,1,1,558,925 E 8TH AVE APT 10,Denver,Colorado,19013,4638.1,Denver,130715,39.73119,-104.97073
80218,229000,1,1,629,1233 N OGDEN ST APT 108,Denver,Colorado,19013,4638.1,Denver,130715,39.73119,-104.97073
80218,1690000,2,3,2907,1200 N HUMBOLDT ST APT 1503,Denver,Colorado,19013,4638.1,Denver,130715,39.73119,-104.97073
80218,249000,1,1,601,1390 N EMERSON ST APT 204,Denver,Colorado,19013,4638.1,Denver,130715,39.73119,-104.97073
80218,311900,1,1,570,33 N CORONA ST APT 403,Denver,Colorado,19013,4638.1,Denver,130715,39.73119,-104.97073
80218,310000,1,1,589,1008 N CORONA ST APT 403,Denver,Colorado,19013,4638.1,Denver,130715,39.73119,-104.97073
80218,299000,1,1,635,937 N CLARKSON ST APT 101,Denver,Colorado,19013,4638.1,Denver,130715,39.73119,-104.97073
80218,625000,3,2,1324,1612 N HIGH ST,Denver,Colorado,19013,4638.1,Denver,130715,39.73119,-104.97073
80218,415000,1,1,735,1200 N HUMBOLDT ST APT 402,Denver,Colorado,19013,4638.1,Denver,130715,39.73119,-104.97073
80218,825000,4,4,3500,1337 N MARION ST,Denver,Colorado,19013,4638.1,Denver,130715,39.73119,-104.97073
80219,384000,2,1,747,1525 S XAVIER ST,Denver,Colorado,67393,3525.1,Denver,78583,39.69496,-105.03432
80219,375000,2,1,739,1515 S YATES ST,Denver,Colorado,67393,3525.1,Denver,78583,39.69496,-105.03432
80219,450000,2,2,895,1318 S DALE CT,Denver,Colorado,67393,3525.1,Denver,78583,39.69496,-105.03432
80219,465000,4,1,1107,2535 S IRVING ST,Denver,Colorado,67393,3525.1,Denver,78583,39.69496,-105.03432
80219,525000,3,2,1198,1554 S CLAY ST,Denver,Colorado,67393,3525.1,Denver,78583,39.69496,-105.03432
80219,458000,3,2,918,147 OSCEOLA ST,Denver,Colorado,67393,3525.1,Denver,78583,39.69496,-105.03432
80219,649900,4,3,1687,980 S WOLFF ST,Denver,Colorado,67393,3525.1,Denver,78583,39.69496,-105.03432
80219,535000,2,2,1191,3710 W 3RD AVE,Denver,Colorado,67393,3525.1,Denver,78583,39.69496,-105.03432
80219,380000,2,2,1082,3300 W FLORIDA AVE APT 42,Denver,Colorado,67393,3525.1,Denver,78583,39.69496,-105.03432
80219,485000,2,1,752,701 S BRYANT ST,Denver,Colorado,67393,3525.1,Denver,78583,39.69496,-105.03432
80219,490000,4,2,1722,1110 S JULIAN ST,Denver,Colorado,67393,3525.1,Denver,78583,39.69496,-105.03432
80219,399000,1,1,907,3455 W ALASKA PL,Denver,Colorado,67393,3525.1,Denver,78583,39.69496,-105.03432
80219,615000,4,2,1600,275 NEWTON ST,Denver,Colorado,67393,3525.1,Denver,78583,39.69496,-105.03432
80219,350000,3,2,1308,3595 W CUSTER PL,Denver,Colorado,67393,3525.1,Denver,78583,39.69496,-105.03432
80219,480000,3,1,1466,2598 W LOUISIANA AVE,Denver,Colorado,67393,3525.1,Denver,78583,39.69496,-105.03432
80219,250000,2,2,1300,1251 S ZENOBIA ST,Denver,Colorado,67393,3525.1,Denver,78583,39.69496,-105.03432
80219,4.00E+05,2,1,902,866 S JAY CT,Denver,Colorado,67393,3525.1,Denver,78583,39.69496,-105.03432
80219,5.00E+05,4,2,1652,4883 W GILL PL,Denver,Colorado,67393,3525.1,Denver,78583,39.69496,-105.03432
80219,475000,3,1,1832,4951 W WYOMING PL,Denver,Colorado,67393,3525.1,Denver,78583,39.69496,-105.03432
80219,395000,2,1,816,246 QUITMAN ST,Denver,Colorado,67393,3525.1,Denver,78583,39.69496,-105.03432
80219,5.00E+05,3,2,1231,1166 S KNOX CT,Denver,Colorado,67393,3525.1,Denver,78583,39.69496,-105.03432
80219,515000,3,3,1435,2947 W 4TH AVE,Denver,Colorado,67393,3525.1,Denver,78583,39.69496,-105.03432
80219,595000,4,3,2291,1680 S STUART ST,Denver,Colorado,67393,3525.1,Denver,78583,39.69496,-105.03432
80219,615000,3,3,1734,795 S PATTON CT,Denver,Colorado,67393,3525.1,Denver,78583,39.69496,-105.03432
80219,485000,3,1,798,3164 W IOWA AVE,Denver,Colorado,67393,3525.1,Denver,78583,39.69496,-105.03432
80219,6.00E+05,4,2,2405,2354 S STUART ST,Denver,Colorado,67393,3525.1,Denver,78583,39.69496,-105.03432
80219,459900,3,2,1314,2671 S GREEN CT,Denver,Colorado,67393,3525.1,Denver,78583,39.69496,-105.03432
80219,570000,3,2,1662,322 KING ST,Denver,Colorado,67393,3525.1,Denver,78583,39.69496,-105.03432
80219,440000,2,1,1184,111 MEADE ST,Denver,Colorado,67393,3525.1,Denver,78583,39.69496,-105.03432
80219,400020,2,1,944,245 KING ST,Denver,Colorado,67393,3525.1,Denver,78583,39.69496,-105.03432
80219,535000,4,2,1575,95 S BRYANT ST,Denver,Colorado,67393,3525.1,Denver,78583,39.69496,-105.03432
80219,515000,5,2,2300,1357 S ELIOT ST,Denver,Colorado,67393,3525.1,Denver,78583,39.69496,-105.03432
80219,450000,4,2,1421,1805 S BRYANT ST,Denver,Colorado,67393,3525.1,Denver,78583,39.69496,-105.03432
80219,419900,2,1,797,1250 S YATES ST,Denver,Colorado,67393,3525.1,Denver,78583,39.69496,-105.03432
80219,4.00E+05,2,1,685,665 S MEADE ST,Denver,Colorado,67393,3525.1,Denver,78583,39.69496,-105.03432
80219,635000,4,2,1745,2688 S MEADE ST,Denver,Colorado,67393,3525.1,Denver,78583,39.69496,-105.03432
80219,449000,3,1,1030,2630 S KNOX CT,Denver,Colorado,67393,3525.1,Denver,78583,39.69496,-105.03432
80219,6.00E+05,3,2,1229,3422 W WALSH PL,Denver,Colorado,67393,3525.1,Denver,78583,39.69496,-105.03432
80219,574950,3,2,1422,4646 W 3RD AVE,Denver,Colorado,67393,3525.1,Denver,78583,39.69496,-105.03432
80219,480000,3,2,2019,2547 S VRAIN ST,Denver,Colorado,67393,3525.1,Denver,78583,39.69496,-105.03432
80219,470000,3,1,1475,2395 S KING ST,Denver,Colorado,67393,3525.1,Denver,78583,39.69496,-105.03432
80219,598000,3,3,1683,4017 W OHIO AVE,Denver,Colorado,67393,3525.1,Denver,78583,39.69496,-105.03432
80219,450000,3,1,910,1253 S QUITMAN ST,Denver,Colorado,67393,3525.1,Denver,78583,39.69496,-105.03432
80219,449000,3,2,1422,114 KNOX CT,Denver,Colorado,67393,3525.1,Denver,78583,39.69496,-105.03432
80219,499000,3,2,991,2265 S KNOX CT,Denver,Colorado,67393,3525.1,Denver,78583,39.69496,-105.03432
80219,665000,7,2,2028,4570 W CENTER AVE,Denver,Colorado,67393,3525.1,Denver,78583,39.69496,-105.03432
80219,355000,3,1,924,1985 S IRVING ST,Denver,Colorado,67393,3525.1,Denver,78583,39.69496,-105.03432
80219,799900,4,3,2260,382 S DECATUR ST APT 386,Denver,Colorado,67393,3525.1,Denver,78583,39.69496,-105.03432
80219,4.00E+05,3,1,1752,576 S ELIOT ST,Denver,Colorado,67393,3525.1,Denver,78583,39.69496,-105.03432
80219,449950,3,2,896,3175 W EVANS AVE,Denver,Colorado,67393,3525.1,Denver,78583,39.69496,-105.03432
80219,5.00E+05,3,1,689,950 S WOLFF ST,Denver,Colorado,67393,3525.1,Denver,78583,39.69496,-105.03432
80219,660000,4,3,2586,2655 W HILLSIDE AVE,Denver,Colorado,67393,3525.1,Denver,78583,39.69496,-105.03432
80219,487000,3,2,1668,369 RALEIGH ST,Denver,Colorado,67393,3525.1,Denver,78583,39.69496,-105.03432
80219,459000,3,2,1003,3435 W EVANS AVE,Denver,Colorado,67393,3525.1,Denver,78583,39.69496,-105.03432
80220,449000,2,1,760,1170 XENIA ST,Denver,Colorado,37116,2771.4,Denver,157746,39.73375,-104.91648
80220,499900,2,1,923,1965 QUINCE ST,Denver,Colorado,37116,2771.4,Denver,157746,39.73375,-104.91648
80220,525000,2,3,1698,319 QUEBEC ST UNIT 4,Denver,Colorado,37116,2771.4,Denver,157746,39.73375,-104.91648
80220,8.00E+05,3,2,2006,1282 ASH ST,Denver,Colorado,37116,2771.4,Denver,157746,39.73375,-104.91648
80220,530000,3,2,945,1750 XENIA ST,Denver,Colorado,37116,2771.4,Denver,157746,39.73375,-104.91648
80220,289000,1,1,578,1157 KRAMERIA ST,Denver,Colorado,37116,2771.4,Denver,157746,39.73375,-104.91648
80220,1550000,4,3,3036,1760 KRAMERIA ST,Denver,Colorado,37116,2771.4,Denver,157746,39.73375,-104.91648
80220,650000,3,2,1624,4507 E 7TH AVE,Denver,Colorado,37116,2771.4,Denver,157746,39.73375,-104.91648
80220,1245000,3,3,3346,642 DAHLIA ST,Denver,Colorado,37116,2771.4,Denver,157746,39.73375,-104.91648
80220,385000,4,3,1755,1301 ROSLYN ST,Denver,Colorado,37116,2771.4,Denver,157746,39.73375,-104.91648
80220,160000,2,1,749,1445 YOSEMITE ST APT 19,Denver,Colorado,37116,2771.4,Denver,157746,39.73375,-104.91648
80220,1520000,4,4,4153,845 KRAMERIA ST,Denver,Colorado,37116,2771.4,Denver,157746,39.73375,-104.91648
80220,310000,3,1,903,1965 YOSEMITE ST,Denver,Colorado,37116,2771.4,Denver,157746,39.73375,-104.91648
80220,5.00E+05,3,2,1383,1593 GRAPE ST # 1593,Denver,Colorado,37116,2771.4,Denver,157746,39.73375,-104.91648
80220,1725000,5,4,2848,850 KEARNEY ST,Denver,Colorado,37116,2771.4,Denver,157746,39.73375,-104.91648
80220,393700,2,2,1008,1155 ASH ST APT 202,Denver,Colorado,37116,2771.4,Denver,157746,39.73375,-104.91648
80220,3275000,5,6,4645,116 KRAMERIA ST,Denver,Colorado,37116,2771.4,Denver,157746,39.73375,-104.91648
80220,495000,3,2,1572,1380 XANTHIA ST,Denver,Colorado,37116,2771.4,Denver,157746,39.73375,-104.91648
80220,332000,2,2,928,1121 ALBION ST APT 602,Denver,Colorado,37116,2771.4,Denver,157746,39.73375,-104.91648
80220,1210000,3,2,2449,445 DAHLIA ST,Denver,Colorado,37116,2771.4,Denver,157746,39.73375,-104.91648
80220,319000,1,1,817,955 EUDORA ST APT 803,Denver,Colorado,37116,2771.4,Denver,157746,39.73375,-104.91648
80220,1599000,5,3,3827,935 MONACO PKWY,Denver,Colorado,37116,2771.4,Denver,157746,39.73375,-104.91648
80220,538000,4,2,1360,1781 UINTA ST,Denver,Colorado,37116,2771.4,Denver,157746,39.73375,-104.91648
80220,354000,2,2,940,4801 E 9TH AVE APT 209S,Denver,Colorado,37116,2771.4,Denver,157746,39.73375,-104.91648
80220,750000,4,3,2202,7221 E 6TH AVENUE PKWY,Denver,Colorado,37116,2771.4,Denver,157746,39.73375,-104.91648
80220,1298000,5,4,3859,1655 MONACO PKWY,Denver,Colorado,37116,2771.4,Denver,157746,39.73375,-104.91648
80220,749900,3,2,1611,1125 ELM ST,Denver,Colorado,37116,2771.4,Denver,157746,39.73375,-104.91648
80220,925000,3,3,2504,1725 NEWPORT ST,Denver,Colorado,37116,2771.4,Denver,157746,39.73375,-104.91648
80220,1050000,4,4,2522,4130 E 16TH AVE,Denver,Colorado,37116,2771.4,Denver,157746,39.73375,-104.91648
80220,389000,1,1,563,771 EUDORA ST,Denver,Colorado,37116,2771.4,Denver,157746,39.73375,-104.91648
80220,925000,4,2,2090,1422 FOREST ST,Denver,Colorado,37116,2771.4,Denver,157746,39.73375,-104.91648
80220,644000,4,2,1740,1666 OLIVE ST,Denver,Colorado,37116,2771.4,Denver,157746,39.73375,-104.91648
80220,1945000,4,7,4439,451 HUDSON ST,Denver,Colorado,37116,2771.4,Denver,157746,39.73375,-104.91648
80220,249000,1,1,641,1121 ALBION ST APT 305,Denver,Colorado,37116,2771.4,Denver,157746,39.73375,-104.91648
80220,499900,2,2,1411,239 QUEBEC ST UNIT C,Denver,Colorado,37116,2771.4,Denver,157746,39.73375,-104.91648
80220,269000,1,1,687,1155 ASH ST APT 1203,Denver,Colorado,37116,2771.4,Denver,157746,39.73375,-104.91648
80220,1895000,6,4,4729,730 MAGNOLIA ST,Denver,Colorado,37116,2771.4,Denver,157746,39.73375,-104.91648
80220,935000,4,2,2065,725 DAHLIA ST,Denver,Colorado,37116,2771.4,Denver,157746,39.73375,-104.91648
80220,385000,2,2,1019,209 QUEBEC ST UNIT N,Denver,Colorado,37116,2771.4,Denver,157746,39.73375,-104.91648
80220,670000,4,2,1894,1345 HOLLY ST,Denver,Colorado,37116,2771.4,Denver,157746,39.73375,-104.91648
80220,850000,4,2,1808,4636 BATAVIA PL,Denver,Colorado,37116,2771.4,Denver,157746,39.73375,-104.91648
80220,795000,5,2,1978,4820 E 19TH AVE,Denver,Colorado,37116,2771.4,Denver,157746,39.73375,-104.91648
80220,415000,1,2,732,1303 JERSEY ST,Denver,Colorado,37116,2771.4,Denver,157746,39.73375,-104.91648
80220,575000,2,1,1130,1712 OLIVE ST,Denver,Colorado,37116,2771.4,Denver,157746,39.73375,-104.91648
80220,245000,1,1,562,1527 XENIA ST,Denver,Colorado,37116,2771.4,Denver,157746,39.73375,-104.91648
80220,1099950,5,2,2850,1900 IVY ST,Denver,Colorado,37116,2771.4,Denver,157746,39.73375,-104.91648
80221,729000,3,2,2021,5151 MEADE ST,Denver,Colorado,40741,1731.5,Adams,93775,39.81555,-105.0103
80221,565000,3,2,1116,4901 GREEN CT,Denver,Colorado,40741,1731.5,Adams,93775,39.81555,-105.0103
80221,820000,4,4,3604,6748 LARSH DR,Denver,Colorado,40741,1731.5,Adams,93775,39.81555,-105.0103
80221,750000,4,4,3512,6881 OSAGE ST,Denver,Colorado,40741,1731.5,Adams,93775,39.81555,-105.0103
80221,1030000,4,4,3602,1508 W 66TH AVE,Denver,Colorado,40741,1731.5,Adams,93775,39.81555,-105.0103
80221,485000,3,2,1700,6990 WARREN DR,Denver,Colorado,40741,1731.5,Adams,93775,39.81555,-105.0103
80221,525000,2,2,1112,2851 W 52ND AVE UNIT 405,Denver,Colorado,40741,1731.5,Adams,93775,39.81555,-105.0103
80221,795000,3,4,3072,1344 W 68TH AVE,Denver,Colorado,40741,1731.5,Adams,93775,39.81555,-105.0103
80221,475000,4,2,1700,549 DOUGLAS DR,Denver,Colorado,40741,1731.5,Adams,93775,39.81555,-105.0103
80221,425000,4,2,1650,8371 DELAWARE ST,Denver,Colorado,40741,1731.5,Adams,93775,39.81555,-105.0103
80221,469000,4,2,1962,8006 RARITAN ST,Denver,Colorado,40741,1731.5,Adams,93775,39.81555,-105.0103
80221,530000,4,2,1428,7646 VALLEJO ST,Denver,Colorado,40741,1731.5,Adams,93775,39.81555,-105.0103
80221,829000,3,3,1824,2279 W 52ND AVE,Denver,Colorado,40741,1731.5,Adams,93775,39.81555,-105.0103
80221,4.00E+05,1,1,714,2876 W 53RD AVE UNIT 207,Denver,Colorado,40741,1731.5,Adams,93775,39.81555,-105.0103
80221,620000,3,2,1400,2881 W 65TH AVE,Denver,Colorado,40741,1731.5,Adams,93775,39.81555,-105.0103
80221,434900,3,1,1056,5530 GROVE ST,Denver,Colorado,40741,1731.5,Adams,93775,39.81555,-105.0103
80221,685000,4,3,1628,5535 JULIAN ST,Denver,Colorado,40741,1731.5,Adams,93775,39.81555,-105.0103
80221,495000,5,3,2288,1001 CORTEZ ST,Denver,Colorado,40741,1731.5,Adams,93775,39.81555,-105.0103
80221,424995,3,1,960,720 ERIE ST,Denver,Colorado,40741,1731.5,Adams,93775,39.81555,-105.0103
80221,379900,3,2,967,3190 W 66TH AVE,Denver,Colorado,40741,1731.5,Adams,93775,39.81555,-105.0103
80221,550000,5,2,2060,7801 ZUNI ST,Denver,Colorado,40741,1731.5,Adams,93775,39.81555,-105.0103
80221,549000,5,2,1887,364 LEONA DR,Denver,Colorado,40741,1731.5,Adams,93775,39.81555,-105.0103
80221,416000,4,1,1924,124 LEONA DR,Denver,Colorado,40741,1731.5,Adams,93775,39.81555,-105.0103
80221,560000,5,2,1528,5151 ELIOT ST,Denver,Colorado,40741,1731.5,Adams,93775,39.81555,-105.0103
80221,499000,3,1,793,3284 W 66TH AVE,Denver,Colorado,40741,1731.5,Adams,93775,39.81555,-105.0103
80221,449900,4,3,1798,8240 RALPH LN,Denver,Colorado,40741,1731.5,Adams,93775,39.81555,-105.0103
80221,4.00E+05,3,2,850,461 W 71ST AVE,Denver,Colorado,40741,1731.5,Adams,93775,39.81555,-105.0103
80221,467500,3,2,2114,8185 UMATILLA ST,Denver,Colorado,40741,1731.5,Adams,93775,39.81555,-105.0103
80221,725000,3,3,1831,3637 W 48TH AVE,Denver,Colorado,40741,1731.5,Adams,93775,39.81555,-105.0103
80221,320000,3,2,1610,7765 FLORADO ST,Denver,Colorado,40741,1731.5,Adams,93775,39.81555,-105.0103
80221,810000,4,5,2514,3283 W 53RD AVE # A,Denver,Colorado,40741,1731.5,Adams,93775,39.81555,-105.0103
80221,5.00E+05,4,2,1750,67 E 81ST AVE,Denver,Colorado,40741,1731.5,Adams,93775,39.81555,-105.0103
80221,445000,4,2,1657,7743 NAVAJO ST,Denver,Colorado,40741,1731.5,Adams,93775,39.81555,-105.0103
80221,770000,3,3,1915,3580 W 62ND PL,Denver,Colorado,40741,1731.5,Adams,93775,39.81555,-105.0103
80221,360000,3,2,1417,2241 W 73RD AVE,Denver,Colorado,40741,1731.5,Adams,93775,39.81555,-105.0103
80221,5.00E+05,2,1,882,4860 NEWTON ST,Denver,Colorado,40741,1731.5,Adams,93775,39.81555,-105.0103
80222,210000,1,1,801,2880 S LOCUST ST APT S600,Denver,Colorado,24169,2439.8,Denver,120070,39.6713,-104.92828
80222,328500,2,2,1029,3311 S MONACO PKWY APT C,Denver,Colorado,24169,2439.8,Denver,120070,39.6713,-104.92828
80222,7.00E+05,4,3,2852,2272 S GRAPE ST,Denver,Colorado,24169,2439.8,Denver,120070,39.6713,-104.92828
80222,220000,2,1,732,2225 S JASMINE ST UNIT 211,Denver,Colorado,24169,2439.8,Denver,120070,39.6713,-104.92828
80222,290000,2,1,917,2880 S LOCUST ST APT S203,Denver,Colorado,24169,2439.8,Denver,120070,39.6713,-104.92828
80222,560000,3,1,1115,2861 S GRAPE WAY,Denver,Colorado,24169,2439.8,Denver,120070,39.6713,-104.92828
80222,649900,3,2,1337,1407 S BIRCH ST,Denver,Colorado,24169,2439.8,Denver,120070,39.6713,-104.92828
80222,239000,1,1,752,2880 S LOCUST ST APT S605,Denver,Colorado,24169,2439.8,Denver,120070,39.6713,-104.92828
80222,599000,3,2,1132,2940 S GLENCOE ST,Denver,Colorado,24169,2439.8,Denver,120070,39.6713,-104.92828
80222,779990,4,4,1955,2012 S HOLLY ST UNIT 4,Denver,Colorado,24169,2439.8,Denver,120070,39.6713,-104.92828
80222,580000,4,2,1300,2896 S FOREST ST,Denver,Colorado,24169,2439.8,Denver,120070,39.6713,-104.92828
80222,774990,4,4,1955,2012 S HOLLY ST UNIT 2,Denver,Colorado,24169,2439.8,Denver,120070,39.6713,-104.92828
80222,399000,3,1,901,3215 S FOREST ST,Denver,Colorado,24169,2439.8,Denver,120070,39.6713,-104.92828
80222,6.00E+05,3,2,1579,2934 S GRAPE WAY,Denver,Colorado,24169,2439.8,Denver,120070,39.6713,-104.92828
80222,645000,3,2,1562,1400 S BELLAIRE ST,Denver,Colorado,24169,2439.8,Denver,120070,39.6713,-104.92828
80222,615000,4,2,1932,3248 S GRAPE ST,Denver,Colorado,24169,2439.8,Denver,120070,39.6713,-104.92828
80222,675000,4,2,1456,3350 S DEXTER ST,Denver,Colorado,24169,2439.8,Denver,120070,39.6713,-104.92828
80222,615000,4,2,1739,4500 E WYOMING PL,Denver,Colorado,24169,2439.8,Denver,120070,39.6713,-104.92828
80222,619000,3,2,1736,4460 E MEXICO AVE,Denver,Colorado,24169,2439.8,Denver,120070,39.6713,-104.92828
80222,2250000,5,4,5269,3024 S ASH ST,Denver,Colorado,24169,2439.8,Denver,120070,39.6713,-104.92828
80222,599900,3,1,1421,3218 S HOLLY ST,Denver,Colorado,24169,2439.8,Denver,120070,39.6713,-104.92828
80222,218000,2,1,906,2225 S JASMINE ST UNIT 310,Denver,Colorado,24169,2439.8,Denver,120070,39.6713,-104.92828
80222,499999,2,2,1662,6166 E YALE AVE,Denver,Colorado,24169,2439.8,Denver,120070,39.6713,-104.92828
80222,675000,3,2,1346,1435 S HUDSON ST,Denver,Colorado,24169,2439.8,Denver,120070,39.6713,-104.92828
80222,585000,3,2,1060,1560 S ASH ST,Denver,Colorado,24169,2439.8,Denver,120070,39.6713,-104.92828
80223,609000,3,1,1160,714 S QUIVAS ST,Denver,Colorado,20227,1471.7,Denver,98878,39.69646,-105.00216
80223,375000,2,1,897,2619 S BANNOCK ST,Denver,Colorado,20227,1471.7,Denver,98878,39.69646,-105.00216
80223,825000,5,2,2026,1919 S HURON ST,Denver,Colorado,20227,1471.7,Denver,98878,39.69646,-105.00216
80223,350000,2,1,933,1263 S LIPAN ST,Denver,Colorado,20227,1471.7,Denver,98878,39.69646,-105.00216
80223,675000,3,2,1650,123 W ALAMEDA AVE,Denver,Colorado,20227,1471.7,Denver,98878,39.69646,-105.00216
80223,525250,3,2,1478,1265 W GILL PL,Denver,Colorado,20227,1471.7,Denver,98878,39.69646,-105.00216
80223,1130000,4,4,2776,2503 S CHEROKEE ST,Denver,Colorado,20227,1471.7,Denver,98878,39.69646,-105.00216
80223,419500,2,1,731,506 S QUIETO WAY,Denver,Colorado,20227,1471.7,Denver,98878,39.69646,-105.00216
80223,1195000,4,5,3426,2467 S BANNOCK ST,Denver,Colorado,20227,1471.7,Denver,98878,39.69646,-105.00216
80223,498500,3,2,1321,1248 W BYERS PL,Denver,Colorado,20227,1471.7,Denver,98878,39.69646,-105.00216
80223,599000,2,3,1320,2152 S DELAWARE ST,Denver,Colorado,20227,1471.7,Denver,98878,39.69646,-105.00216
80223,599000,3,2,1852,1200 S SHOSHONE ST,Denver,Colorado,20227,1471.7,Denver,98878,39.69646,-105.00216
80223,4.00E+05,3,1,883,1277 S MARIPOSA ST,Denver,Colorado,20227,1471.7,Denver,98878,39.69646,-105.00216
80223,809000,3,2,1896,232 W 4TH AVE,Denver,Colorado,20227,1471.7,Denver,98878,39.69646,-105.00216
80223,649900,4,3,1936,2132 S GALAPAGO ST,Denver,Colorado,20227,1471.7,Denver,98878,39.69646,-105.00216
80223,547000,4,2,1823,1665 S WYANDOT ST,Denver,Colorado,20227,1471.7,Denver,98878,39.69646,-105.00216
80223,375000,3,1,923,1355 S SENECA CT,Denver,Colorado,20227,1471.7,Denver,98878,39.69646,-105.00216
80223,625000,2,1,1001,347 GALAPAGO ST,Denver,Colorado,20227,1471.7,Denver,98878,39.69646,-105.00216
80223,360000,2,1,776,624 S PECOS ST,Denver,Colorado,20227,1471.7,Denver,98878,39.69646,-105.00216
80223,550000,2,1,1045,307 GALAPAGO ST,Denver,Colorado,20227,1471.7,Denver,98878,39.69646,-105.00216
80223,350000,1,1,483,105 W MAPLE AVE,Denver,Colorado,20227,1471.7,Denver,98878,39.69646,-105.00216
80223,6.00E+05,3,3,1586,1586 W MAPLE AVE,Denver,Colorado,20227,1471.7,Denver,98878,39.69646,-105.00216
80223,350000,3,1,1020,1251 S SHOSHONE ST,Denver,Colorado,20227,1471.7,Denver,98878,39.69646,-105.00216
80223,350000,1,1,483,105 W MAPLE AVE,Denver,Colorado,20227,1471.7,Denver,98878,39.69646,-105.00216
80223,485000,2,1,702,270 DELAWARE ST,Denver,Colorado,20227,1471.7,Denver,98878,39.69646,-105.00216
80223,825000,5,2,2026,1919 S HURON ST,Denver,Colorado,20227,1471.7,Denver,98878,39.69646,-105.00216
80224,628000,3,4,2415,231 S MONACO PKWY,Denver,Colorado,18995,2236.9,Denver,102896,39.68803,-104.91161
80224,638000,3,2,1550,6705 E BETHANY PL,Denver,Colorado,18995,2236.9,Denver,102896,39.68803,-104.91161
80224,795000,4,2,2455,484 S JERSEY ST,Denver,Colorado,18995,2236.9,Denver,102896,39.68803,-104.91161
80224,572770,3,3,1373,1967 S POPLAR CT,Denver,Colorado,18995,2236.9,Denver,102896,39.68803,-104.91161
80224,848000,4,3,2232,1420 S IVY WAY,Denver,Colorado,18995,2236.9,Denver,102896,39.68803,-104.91161
80224,750000,4,3,2274,3261 S MAGNOLIA ST,Denver,Colorado,18995,2236.9,Denver,102896,39.68803,-104.91161
80224,1025000,4,3,1920,365 S OLIVE WAY,Denver,Colorado,18995,2236.9,Denver,102896,39.68803,-104.91161
80224,310000,2,2,1776,1200 S MONACO PKWY UNIT 18,Denver,Colorado,18995,2236.9,Denver,102896,39.68803,-104.91161
80224,775000,3,4,2217,1960 S KEARNEY WAY,Denver,Colorado,18995,2236.9,Denver,102896,39.68803,-104.91161
80224,399000,2,1,825,753 S LEYDEN ST,Denver,Colorado,18995,2236.9,Denver,102896,39.68803,-104.91161
80224,775000,3,4,2359,1960 S KEARNEY WAY,Denver,Colorado,18995,2236.9,Denver,102896,39.68803,-104.91161
80224,699000,5,3,2238,985 S JERSEY ST,Denver,Colorado,18995,2236.9,Denver,102896,39.68803,-104.91161
80224,574900,4,2,1099,896 S KRAMERIA ST,Denver,Colorado,18995,2236.9,Denver,102896,39.68803,-104.91161
80224,480000,2,2,1622,3331 S PONTIAC ST,Denver,Colorado,18995,2236.9,Denver,102896,39.68803,-104.91161
80224,319500,2,2,1149,6960 E GIRARD AVE APT 401,Denver,Colorado,18995,2236.9,Denver,102896,39.68803,-104.91161
80224,3.00E+05,2,2,1173,3460 S POPLAR ST APT 107,Denver,Colorado,18995,2236.9,Denver,102896,39.68803,-104.91161
80224,395000,2,2,1173,3465 S POPLAR ST APT 105,Denver,Colorado,18995,2236.9,Denver,102896,39.68803,-104.91161
80224,688000,5,2,1832,5635 E MINNESOTA DR,Denver,Colorado,18995,2236.9,Denver,102896,39.68803,-104.91161
80224,315000,2,2,1146,1226 S MONACO PKWY APT 303,Denver,Colorado,18995,2236.9,Denver,102896,39.68803,-104.91161
80224,3.00E+05,2,2,1010,1226 S MONACO PKWY APT 204,Denver,Colorado,18995,2236.9,Denver,102896,39.68803,-104.91161
80224,380000,2,2,1636,1173 S MONACO PKWY,Denver,Colorado,18995,2236.9,Denver,102896,39.68803,-104.91161
80224,530460,3,3,1368,1923 S POPLAR CT,Denver,Colorado,18995,2236.9,Denver,102896,39.68803,-104.91161
80224,528190,3,3,1327,1919 S POPLAR CT,Denver,Colorado,18995,2236.9,Denver,102896,39.68803,-104.91161
80227,535000,4,2,1177,3006 S GOLDEN WAY,Denver,Colorado,35296,1260.3,Jefferson,107849,39.66331,-105.10536
80227,450000,4,3,2022,2164 S FENTON ST,Denver,Colorado,35296,1260.3,Jefferson,107849,39.66331,-105.10536
80227,615000,4,3,2316,3026 S LAMAR ST,Denver,Colorado,35296,1260.3,Jefferson,107849,39.66331,-105.10536
80227,520000,3,4,2047,3017 S SHERIDAN BLVD,Denver,Colorado,35296,1260.3,Jefferson,107849,39.66331,-105.10536
80227,739700,4,3,3077,3004 S INGALLS WAY,Denver,Colorado,35296,1260.3,Jefferson,107849,39.66331,-105.10536
80227,550000,4,3,2284,3014 S EATON ST,Denver,Colorado,35296,1260.3,Jefferson,107849,39.66331,-105.10536
80227,560000,5,2,2191,2830 S SHERIDAN BLVD,Denver,Colorado,35296,1260.3,Jefferson,107849,39.66331,-105.10536
80227,175000,1,1,617,5995 W HAMPDEN AVE UNIT G24,Denver,Colorado,35296,1260.3,Jefferson,107849,39.66331,-105.10536
80227,175000,1,1,646,5995 W HAMPDEN AVE APT 8,Denver,Colorado,35296,1260.3,Jefferson,107849,39.66331,-105.10536
80227,6.00E+05,3,3,2224,6969 W YALE AVE UNIT 38,Denver,Colorado,35296,1260.3,Jefferson,107849,39.66331,-105.10536
80227,620000,5,3,1950,2912 S DEPEW ST,Denver,Colorado,35296,1260.3,Jefferson,107849,39.66331,-105.10536
80229,79900,3,2,960,3180 E 88TH AVE,Denver,Colorado,56484,1743.2,Adams,87520,39.85472,-104.95867
80229,410000,4,2,1350,8136 EXPLORADOR CALLE,Denver,Colorado,56484,1743.2,Adams,87520,39.85472,-104.95867
80229,429900,4,2,1686,1600 E 84TH AVE,Denver,Colorado,56484,1743.2,Adams,87520,39.85472,-104.95867
80229,450000,4,2,1935,7856 PENNSYLVANIA ST,Denver,Colorado,56484,1743.2,Adams,87520,39.85472,-104.95867
80229,429000,5,2,2028,8470 CORONA ST,Denver,Colorado,56484,1743.2,Adams,87520,39.85472,-104.95867
80229,499900,4,2,1610,1528 CORONADO PKWY S,Denver,Colorado,56484,1743.2,Adams,87520,39.85472,-104.95867
80229,294000,3,1,968,7939 YORK ST APT 3,Denver,Colorado,56484,1743.2,Adams,87520,39.85472,-104.95867
80229,327500,3,3,1612,2347 RAINBOW DR # B,Denver,Colorado,56484,1743.2,Adams,87520,39.85472,-104.95867
80229,291000,2,1,1010,2127 CORONADO PKWY N APT B,Denver,Colorado,56484,1743.2,Adams,87520,39.85472,-104.95867
80229,485000,5,3,1860,8661 MCDOUGAL ST,Denver,Colorado,56484,1743.2,Adams,87520,39.85472,-104.95867
80230,1625000,4,5,3761,6758 E LOWRY BLVD,Denver,Colorado,9782,1371,Denver,156056,39.72032,-104.88933
80230,935000,4,4,2640,8005 E 9TH AVE,Denver,Colorado,9782,1371,Denver,156056,39.72032,-104.88933
80230,2200000,4,6,7694,7461 E 6TH AVE,Denver,Colorado,9782,1371,Denver,156056,39.72032,-104.88933
80230,2250000,4,5,6542,7540 E 6TH AVE,Denver,Colorado,9782,1371,Denver,156056,39.72032,-104.88933
80230,1575000,3,4,2340,6768 E LOWRY BLVD,Denver,Colorado,9782,1371,Denver,156056,39.72032,-104.88933
80231,519900,4,3,1930,8661 E AMHERST DR APT C,Denver,Colorado,35168,2781.5,Denver,96562,39.67123,-104.88787
80231,479000,2,3,1247,8711 E HAMPDEN AVE UNIT 4,Denver,Colorado,35168,2781.5,Denver,96562,39.67123,-104.88787
80231,639900,4,3,2175,8672 E DOANE PL,Denver,Colorado,35168,2781.5,Denver,96562,39.67123,-104.88787
80231,1.00E+06,3,4,2900,1165 S ROSEMARY WAY,Denver,Colorado,35168,2781.5,Denver,96562,39.67123,-104.88787
80231,315000,2,2,1102,1699 S TRENTON ST UNIT 39,Denver,Colorado,35168,2781.5,Denver,96562,39.67123,-104.88787
80231,325000,2,2,1238,7995 E COLORADO AVE APT 6,Denver,Colorado,35168,2781.5,Denver,96562,39.67123,-104.88787
80231,675000,4,3,2189,2976 S WABASH ST,Denver,Colorado,35168,2781.5,Denver,96562,39.67123,-104.88787
80231,725000,4,4,3133,3252 S TULARE CIR,Denver,Colorado,35168,2781.5,Denver,96562,39.67123,-104.88787
80231,285000,1,2,888,7665 E EASTMAN AVE APT A209,Denver,Colorado,35168,2781.5,Denver,96562,39.67123,-104.88787
80231,365000,2,3,1607,1699 S TRENTON ST UNIT 127,Denver,Colorado,35168,2781.5,Denver,96562,39.67123,-104.88787
80231,295000,2,2,980,7474 E ARKANSAS AVE APT 3006,Denver,Colorado,35168,2781.5,Denver,96562,39.67123,-104.88787
80231,825000,3,4,3383,7500 E DARTMOUTH AVE APT 31,Denver,Colorado,35168,2781.5,Denver,96562,39.67123,-104.88787
80231,360000,3,2,1388,1885 S QUEBEC WAY APT F107,Denver,Colorado,35168,2781.5,Denver,96562,39.67123,-104.88787
80231,325000,2,2,1238,8055 E COLORADO AVE APT 6,Denver,Colorado,35168,2781.5,Denver,96562,39.67123,-104.88787
80231,250000,1,1,714,7665 E EASTMAN AVE APT A108,Denver,Colorado,35168,2781.5,Denver,96562,39.67123,-104.88787
80231,799000,4,3,2570,7646 E AMHERST AVE,Denver,Colorado,35168,2781.5,Denver,96562,39.67123,-104.88787
80231,235000,2,2,1050,8060 E GIRARD AVE APT 601,Denver,Colorado,35168,2781.5,Denver,96562,39.67123,-104.88787
80231,125000,1,1,625,1306 S PARKER RD APT 381,Denver,Colorado,35168,2781.5,Denver,96562,39.67123,-104.88787
80231,265000,2,2,1138,9700 E ILIFF AVE APT D42,Denver,Colorado,35168,2781.5,Denver,96562,39.67123,-104.88787
80231,288000,2,1,725,2575 S SYRACUSE WAY APT M108,Denver,Colorado,35168,2781.5,Denver,96562,39.67123,-104.88787
80231,275000,2,2,980,9250 E GIRARD AVE APT 8,Denver,Colorado,35168,2781.5,Denver,96562,39.67123,-104.88787
80231,799850,3,4,3505,2609 S QUEBEC ST APT 1,Denver,Colorado,35168,2781.5,Denver,96562,39.67123,-104.88787
80231,460000,3,4,2026,1470 S QUEBEC WAY APT 4,Denver,Colorado,35168,2781.5,Denver,96562,39.67123,-104.88787
80232,320000,2,1,880,1626 S SHERIDAN BLVD,Denver,Colorado,22352,2222.2,Jefferson,104865,39.68892,-105.08983
80235,969000,5,5,4591,3928 S AMES WAY,Denver,Colorado,8752,995,Jefferson,99739,39.64615,-105.08909
80235,630000,4,4,3254,3702 S FENTON WAY,Denver,Colorado,8752,995,Jefferson,99739,39.64615,-105.08909
80235,749900,4,3,2356,3764 S AMES ST,Denver,Colorado,8752,995,Jefferson,99739,39.64615,-105.08909
80235,180000,1,1,604,3633 S SHERIDAN BLVD UNIT 11,Denver,Colorado,8752,995,Jefferson,99739,39.64615,-105.08909
80235,729900,4,3,2700,3834 S EATON ST,Denver,Colorado,8752,995,Jefferson,99739,39.64615,-105.08909
80235,199500,1,1,599,3663 S SHERIDAN BLVD APT C10,Denver,Colorado,8752,995,Jefferson,99739,39.64615,-105.08909
80236,255000,2,2,927,4659 S LOWELL BLVD APT B,Denver,Colorado,16416,1973.3,Denver,98229,39.65169,-105.03966
80236,510000,2,3,1548,5155 W QUINCY AVE UNIT M-104,Denver,Colorado,16416,1973.3,Denver,98229,39.65169,-105.03966
80236,525000,3,2,1433,4115 W KENYON AVE,Denver,Colorado,16416,1973.3,Denver,98229,39.65169,-105.03966
80236,239000,2,1,776,2929 W FLOYD AVE APT 316,Denver,Colorado,16416,1973.3,Denver,98229,39.65169,-105.03966
80236,615000,3,2,1810,4431 W QUINN PL,Denver,Colorado,16416,1973.3,Denver,98229,39.65169,-105.03966
80236,557000,4,2,2712,3244 S NEWTON ST,Denver,Colorado,16416,1973.3,Denver,98229,39.65169,-105.03966
80236,475000,3,2,1890,3044 S WINONA CT,Denver,Colorado,16416,1973.3,Denver,98229,39.65169,-105.03966
80236,255000,2,2,927,4659 S LOWELL BLVD APT B,Denver,Colorado,16416,1973.3,Denver,98229,39.65169,-105.03966
80236,560000,5,3,2266,3367 S STUART ST,Denver,Colorado,16416,1973.3,Denver,98229,39.65169,-105.03966
80236,38000,1,1,896,3500 S KING ST,Denver,Colorado,16416,1973.3,Denver,98229,39.65169,-105.03966
80236,649900,3,5,2046,2874 S PANCRATIA STREET,Denver,Colorado,16416,1973.3,Denver,98229,39.65169,-105.03966
80236,150000,2,1,845,3805 S KNOX CT,Denver,Colorado,16416,1973.3,Denver,98229,39.65169,-105.03966
80236,699999,3,2,1835,2997 S WOLFF ST,Denver,Colorado,16416,1973.3,Denver,98229,39.65169,-105.03966
80236,170000,1,1,417,3100 S FEDERAL BLVD APT 232,Denver,Colorado,16416,1973.3,Denver,98229,39.65169,-105.03966
80237,8.00E+05,3,3,2349,3978 S SYRACUSE WAY,Denver,Colorado,22149,2360.1,Denver,115125,39.63996,-104.90178
80237,1024900,6,5,2740,7483 E MERCER PL,Denver,Colorado,22149,2360.1,Denver,115125,39.63996,-104.90178
80237,784900,4,4,2563,3701 S ROSEMARY WAY,Denver,Colorado,22149,2360.1,Denver,115125,39.63996,-104.90178
80237,223500,2,1,959,7755 E QUINCY AVE # 104A1,Denver,Colorado,22149,2360.1,Denver,115125,39.63996,-104.90178
80237,249000,2,1,972,7755 E QUINCY AVE # 301,Denver,Colorado,22149,2360.1,Denver,115125,39.63996,-104.90178
80237,330000,2,1,837,9195 E LEHIGH AVE APT 153,Denver,Colorado,22149,2360.1,Denver,115125,39.63996,-104.90178
80237,340000,2,2,1003,8500 E JEFFERSON AVE APT 20E,Denver,Colorado,22149,2360.1,Denver,115125,39.63996,-104.90178
80237,715000,5,3,2374,7937 E JEFFERSON AVE,Denver,Colorado,22149,2360.1,Denver,115125,39.63996,-104.90178
80237,267900,1,1,692,4400 S QUEBEC ST APT N203,Denver,Colorado,22149,2360.1,Denver,115125,39.63996,-104.90178
80237,1049900,6,4,3641,4034 S ONEIDA ST,Denver,Colorado,22149,2360.1,Denver,115125,39.63996,-104.90178
80237,407500,4,3,1584,9260 E MANSFIELD AVE,Denver,Colorado,22149,2360.1,Denver,115125,39.63996,-104.90178
80237,895000,7,4,3377,3523 S HUDSON ST,Denver,Colorado,22149,2360.1,Denver,115125,39.63996,-104.90178
80237,849900,5,3,1227,3911 S UINTA ST,Denver,Colorado,22149,2360.1,Denver,115125,39.63996,-104.90178
80237,749900,4,3,2757,3974 S WHITING WAY,Denver,Colorado,22149,2360.1,Denver,115125,39.63996,-104.90178
80237,340000,2,2,1003,8500 E JEFFERSON AVE APT 20E,Denver,Colorado,22149,2360.1,Denver,115125,39.63996,-104.90178
80237,625000,4,3,2532,8834 E RADCLIFF AVE,Denver,Colorado,22149,2360.1,Denver,115125,39.63996,-104.90178
80237,779000,4,3,2384,3891 S UINTA ST,Denver,Colorado,22149,2360.1,Denver,115125,39.63996,-104.90178
80237,415000,1,1,1109,8100 E UNION AVE UNIT 407,Denver,Colorado,22149,2360.1,Denver,115125,39.63996,-104.90178
80237,247000,2,2,967,7375 E QUINCY AVE APT 307,Denver,Colorado,22149,2360.1,Denver,115125,39.63996,-104.90178
80237,895000,4,3,3700,4530 S VERBENA ST UNIT 308,Denver,Colorado,22149,2360.1,Denver,115125,39.63996,-104.90178
80238,615000,3,3,2402,11027 E 28TH PL,Denver,Colorado,27921,1587.2,Denver,195440,39.77722,-104.8808
80238,844663,4,4,3203,9753 E 62ND DR,Denver,Colorado,27921,1587.2,Denver,195440,39.77722,-104.8808
80238,875000,3,4,2597,2938 ULSTER ST,Denver,Colorado,27921,1587.2,Denver,195440,39.77722,-104.8808
80238,2175000,6,5,5564,8234 E 25TH DR,Denver,Colorado,27921,1587.2,Denver,195440,39.77722,-104.8808
80238,525000,2,2,1471,7777 E 23RD AVE UNIT 1002,Denver,Colorado,27921,1587.2,Denver,195440,39.77722,-104.8808
80238,813109,4,4,2776,9958 E 63RD PL BLDG 2,Denver,Colorado,27921,1587.2,Denver,195440,39.77722,-104.8808
80238,1300000,4,4,2950,6288 DALLAS ST,Denver,Colorado,27921,1587.2,Denver,195440,39.77722,-104.8808
80238,1350000,4,4,3653,8151 E 33RD AVE,Denver,Colorado,27921,1587.2,Denver,195440,39.77722,-104.8808
80238,695000,3,3,2037,8196 E 53RD DR,Denver,Colorado,27921,1587.2,Denver,195440,39.77722,-104.8808
80238,774000,4,3,2448,2727 IRONTON ST,Denver,Colorado,27921,1587.2,Denver,195440,39.77722,-104.8808
80238,525000,2,3,1437,2019 UINTA ST,Denver,Colorado,27921,1587.2,Denver,195440,39.77722,-104.8808
80238,789300,3,4,2506,8273 E 29TH PL,Denver,Colorado,27921,1587.2,Denver,195440,39.77722,-104.8808
80238,595950,2,3,1152,5873 BOSTON ST,Denver,Colorado,27921,1587.2,Denver,195440,39.77722,-104.8808
80238,661086,4,3,2019,10149 E 62ND AVE,Denver,Colorado,27921,1587.2,Denver,195440,39.77722,-104.8808
80238,1225000,4,4,2704,9722 E 35TH AVE,Denver,Colorado,27921,1587.2,Denver,195440,39.77722,-104.8808
80238,1499000,5,5,4716,8746 E 35TH AVE,Denver,Colorado,27921,1587.2,Denver,195440,39.77722,-104.8808
80238,759000,3,3,1786,5897 BOSTON CT,Denver,Colorado,27921,1587.2,Denver,195440,39.77722,-104.8808
80238,1125000,4,4,3606,3056 GENEVA ST,Denver,Colorado,27921,1587.2,Denver,195440,39.77722,-104.8808
80238,749000,3,3,2005,9443 E 52ND AVE,Denver,Colorado,27921,1587.2,Denver,195440,39.77722,-104.8808
80238,375000,1,1,820,2958 SYRACUSE ST UNIT 102,Denver,Colorado,27921,1587.2,Denver,195440,39.77722,-104.8808
80238,439000,1,1,1026,2958 SYRACUSE ST UNIT 317,Denver,Colorado,27921,1587.2,Denver,195440,39.77722,-104.8808
80238,845000,4,4,2724,10090 E 59TH DR,Denver,Colorado,27921,1587.2,Denver,195440,39.77722,-104.8808
80238,875000,4,5,3576,5074 VALENTIA ST,Denver,Colorado,27921,1587.2,Denver,195440,39.77722,-104.8808
80238,775000,3,3,2170,10258 E 57TH AVE,Denver,Colorado,27921,1587.2,Denver,195440,39.77722,-104.8808
80238,799000,4,4,3084,6027 GALENA ST,Denver,Colorado,27921,1587.2,Denver,195440,39.77722,-104.8808
80238,790610,3,3,2175,9958 E 63RD PL,Denver,Colorado,27921,1587.2,Denver,195440,39.77722,-104.8808
80238,838170,4,4,2970,6363 FULTON ST,Denver,Colorado,27921,1587.2,Denver,195440,39.77722,-104.8808
80238,1275000,5,5,4480,9769 E 28TH AVE,Denver,Colorado,27921,1587.2,Denver,195440,39.77722,-104.8808
80238,725000,3,4,2543,2844 MACON WAY,Denver,Colorado,27921,1587.2,Denver,195440,39.77722,-104.8808
80238,1300000,4,4,4549,3387 XANTHIA ST,Denver,Colorado,27921,1587.2,Denver,195440,39.77722,-104.8808
80239,485000,3,2,1645,14943 LACKLAND PL,Denver,Colorado,46465,1736.3,Denver,95441,39.78801,-104.8333
80239,480000,3,3,1686,14926 E 52ND AVE,Denver,Colorado,46465,1736.3,Denver,95441,39.78801,-104.8333
80239,449000,4,2,1864,5290 TROY ST,Denver,Colorado,46465,1736.3,Denver,95441,39.78801,-104.8333
80239,525000,4,3,2078,13100 PENSACOLA PL,Denver,Colorado,46465,1736.3,Denver,95441,39.78801,-104.8333
80239,444900,4,3,2322,13050 E 48TH AVE,Denver,Colorado,46465,1736.3,Denver,95441,39.78801,-104.8333
80239,399500,2,3,1345,14400 ALBROOK DR UNIT 9,Denver,Colorado,46465,1736.3,Denver,95441,39.78801,-104.8333
80239,465000,3,2,1666,4932 DILLON ST,Denver,Colorado,46465,1736.3,Denver,95441,39.78801,-104.8333
80239,450000,4,3,1671,14420 E 47TH DR,Denver,Colorado,46465,1736.3,Denver,95441,39.78801,-104.8333
80239,539000,5,3,2393,4632 EUREKA CT,Denver,Colorado,46465,1736.3,Denver,95441,39.78801,-104.8333
80239,299900,2,2,925,5255 MEMPHIS ST UNIT 1003,Denver,Colorado,46465,1736.3,Denver,95441,39.78801,-104.8333
80239,479900,5,2,1974,5551 CARSON WAY,Denver,Colorado,46465,1736.3,Denver,95441,39.78801,-104.8333
80239,464900,4,2,1714,5537 SABLE ST,Denver,Colorado,46465,1736.3,Denver,95441,39.78801,-104.8333
80239,475000,7,2,1535,12993 LACKLAND DR,Denver,Colorado,46465,1736.3,Denver,95441,39.78801,-104.8333
80239,555000,4,4,2694,5202 ELKHART ST,Denver,Colorado,46465,1736.3,Denver,95441,39.78801,-104.8333
80239,449000,4,2,1613,5425 TULSA WAY,Denver,Colorado,46465,1736.3,Denver,95441,39.78801,-104.8333
80239,509900,4,3,2114,4258 FREEPORT WAY,Denver,Colorado,46465,1736.3,Denver,95441,39.78801,-104.8333
80239,474000,3,3,1386,4920 IDALIA ST,Denver,Colorado,46465,1736.3,Denver,95441,39.78801,-104.8333
80239,420000,3,1,961,4313 ELKHART ST,Denver,Colorado,46465,1736.3,Denver,95441,39.78801,-104.8333
80239,499000,4,2,857,5529 EAGLE ST,Denver,Colorado,46465,1736.3,Denver,95441,39.78801,-104.8333
80239,530000,6,3,3264,5091 XANADU ST,Denver,Colorado,46465,1736.3,Denver,95441,39.78801,-104.8333
80239,420999,3,3,1454,16262 E 47TH PL,Denver,Colorado,46465,1736.3,Denver,95441,39.78801,-104.8333
80239,4.00E+05,3,2,1680,5207 VICTOR WAY,Denver,Colorado,46465,1736.3,Denver,95441,39.78801,-104.8333
80239,434900,3,3,1248,15619 E 51ST DR,Denver,Colorado,46465,1736.3,Denver,95441,39.78801,-104.8333
80239,470000,5,2,921,4474 DUMAS CT,Denver,Colorado,46465,1736.3,Denver,95441,39.78801,-104.8333
80246,790000,4,3,1721,1107 S DAHLIA ST,Denver,Colorado,12878,2975.1,Denver,94031,39.70461,-104.9314
80246,585000,2,3,1448,4514 E LOUISIANA AVE,Denver,Colorado,12878,2975.1,Denver,94031,39.70461,-104.9314
80246,374900,2,2,1028,4860 E KENTUCKY AVE UNIT B,Denver,Colorado,12878,2975.1,Denver,94031,39.70461,-104.9314
80246,359900,2,1,745,4854 E KENTUCKY AVE UNIT D,Denver,Colorado,12878,2975.1,Denver,94031,39.70461,-104.9314
80246,750000,2,2,1929,4865 E LOUISIANA AVE,Denver,Colorado,12878,2975.1,Denver,94031,39.70461,-104.9314
80246,639900,3,2,1356,1285 S GLENCOE ST,Denver,Colorado,12878,2975.1,Denver,94031,39.70461,-104.9314
80246,5600000,5,6,7253,144 S CHERRY ST,Denver,Colorado,12878,2975.1,Denver,94031,39.70461,-104.9314
80246,1695000,4,4,3763,275 S GRAPE ST,Denver,Colorado,12878,2975.1,Denver,94031,39.70461,-104.9314
80246,1600000,4,5,4314,5401 E DAKOTA AVE UNIT 10,Denver,Colorado,12878,2975.1,Denver,94031,39.70461,-104.9314
80247,2.00E+05,2,2,858,8828 E FLORIDA AVE APT G13,Denver,Colorado,29066,3853.2,Denver,72727,39.69684,-104.88127
80247,334900,2,2,1550,645 S ALTON WAY APT 9A,Denver,Colorado,29066,3853.2,Denver,72727,39.69684,-104.88127
80247,329900,2,2,1200,650 S ALTON WAY APT 7A,Denver,Colorado,29066,3853.2,Denver,72727,39.69684,-104.88127
80247,335000,2,2,1394,7865 E MISSISSIPPI AVE APT 1504,Denver,Colorado,29066,3853.2,Denver,72727,39.69684,-104.88127
80247,199900,2,1,870,765 S ALTON WAY UNIT 2A,Denver,Colorado,29066,3853.2,Denver,72727,39.69684,-104.88127
80247,179900,1,1,855,735 S ALTON WAY UNIT 4A,Denver,Colorado,29066,3853.2,Denver,72727,39.69684,-104.88127
80247,260000,2,1,945,610 S ALTON WAY APT 2B,Denver,Colorado,29066,3853.2,Denver,72727,39.69684,-104.88127
80247,275000,2,2,943,10150 E VIRGINIA AVE UNIT 13-104,Denver,Colorado,29066,3853.2,Denver,72727,39.69684,-104.88127
80247,375000,3,2,1240,9646 E KANSAS CIR APT 24,Denver,Colorado,29066,3853.2,Denver,72727,39.69684,-104.88127
80247,299000,2,2,1019,8335 FAIRMOUNT DR # 104,Denver,Colorado,29066,3853.2,Denver,72727,39.69684,-104.88127
80247,3.00E+05,2,2,1470,300 S CLINTON ST APT 6A,Denver,Colorado,29066,3853.2,Denver,72727,39.69684,-104.88127
80247,325000,2,2,1200,595 S ALTON WAY APT 10C,Denver,Colorado,29066,3853.2,Denver,72727,39.69684,-104.88127
80247,230000,1,1,701,8335 FAIRMOUNT DR UNIT 3-204,Denver,Colorado,29066,3853.2,Denver,72727,39.69684,-104.88127
80247,189000,1,1,855,610 S CLINTON ST APT 8D,Denver,Colorado,29066,3853.2,Denver,72727,39.69684,-104.88127
80247,3.00E+05,2,2,996,8707 E FLORIDA AVE UNIT 916,Denver,Colorado,29066,3853.2,Denver,72727,39.69684,-104.88127
80247,195000,1,1,855,9360 E CENTER AVE APT 7B,Denver,Colorado,29066,3853.2,Denver,72727,39.69684,-104.88127
80247,235000,1,1,855,9315 E CENTER AVE APT 6B,Denver,Colorado,29066,3853.2,Denver,72727,39.69684,-104.88127
80247,319900,2,2,1550,665 S ALTON WAY APT 9D,Denver,Colorado,29066,3853.2,Denver,72727,39.69684,-104.88127
80247,339900,2,2,1149,9530 E FLORIDA AVE UNIT 1008,Denver,Colorado,29066,3853.2,Denver,72727,39.69684,-104.88127
80247,330000,2,2,1200,635 S CLINTON ST APT 1A,Denver,Colorado,29066,3853.2,Denver,72727,39.69684,-104.88127
80247,210000,2,1,945,725 S ALTON WAY UNIT 12B,Denver,Colorado,29066,3853.2,Denver,72727,39.69684,-104.88127
80247,280000,2,2,1200,615 S ALTON WAY APT 3D,Denver,Colorado,29066,3853.2,Denver,72727,39.69684,-104.88127
80247,270000,2,1,945,720 S CLINTON ST APT 12A,Denver,Colorado,29066,3853.2,Denver,72727,39.69684,-104.88127
80247,370000,3,2,1319,8707 E FLORIDA AVE UNIT 406,Denver,Colorado,29066,3853.2,Denver,72727,39.69684,-104.88127
80247,235000,1,1,855,700 S ALTON WAY UNIT 8B,Denver,Colorado,29066,3853.2,Denver,72727,39.69684,-104.88127
80247,550000,3,3,1867,9328 E KANSAS PL,Denver,Colorado,29066,3853.2,Denver,72727,39.69684,-104.88127
80247,288000,2,2,1019,8600 E ALAMEDA AVE # 207,Denver,Colorado,29066,3853.2,Denver,72727,39.69684,-104.88127
80247,279900,2,2,1550,9155 E CENTER AVE APT 9C,Denver,Colorado,29066,3853.2,Denver,72727,39.69684,-104.88127
80247,340000,2,2,1019,8225 FAIRMOUNT DR # 101,Denver,Colorado,29066,3853.2,Denver,72727,39.69684,-104.88127
80247,699000,4,3,2126,771 S EMPORIA ST,Denver,Colorado,29066,3853.2,Denver,72727,39.69684,-104.88127
80247,274900,2,1,945,755 S ALTON WAY UNIT 2B,Denver,Colorado,29066,3853.2,Denver,72727,39.69684,-104.88127
80247,315000,2,2,1200,775 S ALTON WAY UNIT 7D,Denver,Colorado,29066,3853.2,Denver,72727,39.69684,-104.88127
80247,290000,2,1,793,8707 E FLORIDA AVE UNIT 113,Denver,Colorado,29066,3853.2,Denver,72727,39.69684,-104.88127
80247,328000,2,2,1200,750 S ALTON WAY UNIT 9C,Denver,Colorado,29066,3853.2,Denver,72727,39.69684,-104.88127
80247,339500,2,2,1380,580 S CLINTON ST APT 5B,Denver,Colorado,29066,3853.2,Denver,72727,39.69684,-104.88127
80247,284500,1,1,855,9320 E CENTER AVE APT 7A,Denver,Colorado,29066,3853.2,Denver,72727,39.69684,-104.88127
80247,230000,2,1,870,9380 E CENTER AVE APT 11C,Denver,Colorado,29066,3853.2,Denver,72727,39.69684,-104.88127
80247,250000,2,2,943,10150 E VIRGINIA AVE UNIT 10-208,Denver,Colorado,29066,3853.2,Denver,72727,39.69684,-104.88127
80247,775000,5,3,3045,9700 E OHIO AVE,Denver,Colorado,29066,3853.2,Denver,72727,39.69684,-104.88127
80247,315000,3,2,1200,775 S ALTON WAY UNIT 7D,Denver,Colorado,29066,3853.2,Denver,72727,39.69684,-104.88127
80249,435000,3,3,1742,18977 E 57TH PL,Denver,Colorado,36640,296.8,Denver,100812,39.84964,-104.69496
80249,599999,5,5,4206,19050 E 43RD AVE,Denver,Colorado,36640,296.8,Denver,100812,39.84964,-104.69496
80249,499000,3,3,1743,5537 MALTA ST,Denver,Colorado,36640,296.8,Denver,100812,39.84964,-104.69496
80249,459500,4,2,1510,20470 KELLY PL,Denver,Colorado,36640,296.8,Denver,100812,39.84964,-104.69496
80249,409900,2,2,1134,20644 E 47TH AVE,Denver,Colorado,36640,296.8,Denver,100812,39.84964,-104.69496
80249,345000,2,2,1346,5800 TOWER RD APT 409,Denver,Colorado,36640,296.8,Denver,100812,39.84964,-104.69496
80249,3.00E+05,2,1,829,18831 E 58TH AVE UNIT A,Denver,Colorado,36640,296.8,Denver,100812,39.84964,-104.69496
80249,499900,4,3,1966,5019 ANDES WAY,Denver,Colorado,36640,296.8,Denver,100812,39.84964,-104.69496
80249,524900,4,3,2718,5044 PERTH CT,Denver,Colorado,36640,296.8,Denver,100812,39.84964,-104.69496
80249,430000,3,2,1436,5381 ARGONNE ST,Denver,Colorado,36640,296.8,Denver,100812,39.84964,-104.69496
80249,369000,3,3,1342,5830 CEYLON ST APT E,Denver,Colorado,36640,296.8,Denver,100812,39.84964,-104.69496
80249,499900,2,2,2100,4458 WALDEN WAY,Denver,Colorado,36640,296.8,Denver,100812,39.84964,-104.69496
80249,495000,3,3,1648,5347 WALDEN ST,Denver,Colorado,36640,296.8,Denver,100812,39.84964,-104.69496
80249,494900,3,3,1858,4960 FLANDERS WAY,Denver,Colorado,36640,296.8,Denver,100812,39.84964,-104.69496
80249,395228,2,2,1073,6153 N CEYLON ST # 106,Denver,Colorado,36640,296.8,Denver,100812,39.84964,-104.69496
80249,619000,4,4,3202,4629 WALDEN CT,Denver,Colorado,36640,296.8,Denver,100812,39.84964,-104.69496
80249,469900,3,3,1626,18668 KELLY PL,Denver,Colorado,36640,296.8,Denver,100812,39.84964,-104.69496
80249,729999,5,4,4239,4960 CEYLON WAY,Denver,Colorado,36640,296.8,Denver,100812,39.84964,-104.69496
80249,645000,6,4,3234,19877 E 40TH AVE,Denver,Colorado,36640,296.8,Denver,100812,39.84964,-104.69496
80249,325721,2,1,1296,4225 ANDES CT,Denver,Colorado,36640,296.8,Denver,100812,39.84964,-104.69496
80249,365000,3,3,1540,5833 BISCAY ST,Denver,Colorado,36640,296.8,Denver,100812,39.84964,-104.69496
80249,425000,3,2,1376,20490 E 45TH AVE,Denver,Colorado,36640,296.8,Denver,100812,39.84964,-104.69496
80249,420000,2,1,1296,4368 ANDES WAY,Denver,Colorado,36640,296.8,Denver,100812,39.84964,-104.69496
80249,485000,4,4,1546,19417 RANDOLPH PL,Denver,Colorado,36640,296.8,Denver,100812,39.84964,-104.69496
80249,374400,2,2,929,5010 N WALDEN WAY,Denver,Colorado,36640,296.8,Denver,100812,39.84964,-104.69496
80249,484990,2,2,1498,6653 N CEYLON ST,Denver,Colorado,36640,296.8,Denver,100812,39.84964,-104.69496
80249,580000,3,3,2255,5235 VENTURA ST,Denver,Colorado,36640,296.8,Denver,100812,39.84964,-104.69496
80249,455000,2,2,1407,5153 ANDES WAY,Denver,Colorado,36640,296.8,Denver,100812,39.84964,-104.69496
80249,445000,3,3,1509,5565 FUNDY ST,Denver,Colorado,36640,296.8,Denver,100812,39.84964,-104.69496
80249,419900,3,3,1509,5575 ENSENADA ST,Denver,Colorado,36640,296.8,Denver,100812,39.84964,-104.69496
80249,485000,4,3,1754,19489 RANDOLPH PL # P7,Denver,Colorado,36640,296.8,Denver,100812,39.84964,-104.69496
80249,574973,5,3,3192,4838 LIVERPOOL ST,Denver,Colorado,36640,296.8,Denver,100812,39.84964,-104.69496
80249,355400,2,2,929,4999 N YAMPA ST,Denver,Colorado,36640,296.8,Denver,100812,39.84964,-104.69496
80249,450000,2,3,1470,19106 E 55TH AVE,Denver,Colorado,36640,296.8,Denver,100812,39.84964,-104.69496
80249,610000,3,3,2293,20094 E 41ST AVE,Denver,Colorado,36640,296.8,Denver,100812,39.84964,-104.69496
80249,305000,1,1,1098,5800 TOWER RD APT 2311,Denver,Colorado,36640,296.8,Denver,100812,39.84964,-104.69496
80249,378400,2,2,929,4980 N YAMPA ST,Denver,Colorado,36640,296.8,Denver,100812,39.84964,-104.69496
80249,379000,3,3,1233,18731 E 58TH AVE UNIT A,Denver,Colorado,36640,296.8,Denver,100812,39.84964,-104.69496
80249,339000,2,2,1146,5800 TOWER RD APT 405,Denver,Colorado,36640,296.8,Denver,100812,39.84964,-104.69496
80249,509000,3,3,1858,19656 E 50TH AVE,Denver,Colorado,36640,296.8,Denver,100812,39.84964,-104.69496
80249,535000,3,3,2109,19424 E 39TH AVE,Denver,Colorado,36640,296.8,Denver,100812,39.84964,-104.69496
80260,190000,2,1,813,10211 URA LN # 108,Denver,Colorado,35291,2860.5,Adams,73109,39.86705,-105.00569